track_id,player_name,jersey_number,team,frames_tracked,first_frame,last_frame,duration_seconds,distance,distance_unit,average_speed,max_speed,average_confidence,primary_camera_view,coordinate_system
5,Rohan,9.0,Joga FC,118,0,708,11.81,2446.95,pixels,207.16,409.76,0.896,SIDE,image_normalized
2,Sujan,7.0,Panda FC,114,0,678,11.31,2035.75,pixels,179.97,363.12,0.897,SIDE,image_normalized
1,Resman,10.0,Panda FC,122,0,780,13.01,1761.32,pixels,135.35,295.68,0.844,SIDE,image_normalized
106,Track 106,,Unknown,29,768,936,2.8,1532.72,pixels,546.85,358.91,0.821,SIDE,image_normalized
104,Track 104,,Unknown,37,744,960,3.6,1499.18,pixels,416.02,462.38,0.743,SIDE,image_normalized
77,Track 77,,Unknown,36,474,840,6.11,1432.92,pixels,234.67,475.64,0.745,SIDE,image_normalized
116,Track 116,,Unknown,71,828,5400,76.28,1376.4,pixels,18.04,194.65,0.689,WIDE,image_normalized
75,Track 75,,Unknown,56,468,810,5.71,1264.94,pixels,221.7,320.79,0.775,SIDE,image_normalized
84,Track 84,,Unknown,49,504,918,6.91,1257.22,pixels,182.02,436.67,0.766,SIDE,image_normalized
85,Track 85,,Unknown,47,510,804,4.9,1198.2,pixels,244.29,405.92,0.836,SIDE,image_normalized
114,Track 114,,Unknown,24,822,960,2.3,1180.35,pixels,512.68,465.3,0.825,SIDE,image_normalized
109,Track 109,,Unknown,20,792,906,1.9,1087.09,pixels,571.58,387.7,0.856,SIDE,image_normalized
4,Bikash,1.0,Panda FC,76,0,486,8.11,1031.84,pixels,127.26,234.96,0.798,SIDE,image_normalized
95,Track 95,,Unknown,26,684,930,4.1,1024.48,pixels,249.62,363.46,0.687,SIDE,image_normalized
9,Track 9,,Unknown,17,0,174,2.9,866.88,pixels,298.63,465.92,0.413,SIDE,image_normalized
3,Aayush,4.0,Panda FC,51,0,330,5.51,858.6,pixels,155.95,227.26,0.757,SIDE,image_normalized
24,Track 24,,Unknown,21,96,222,2.1,551.42,pixels,262.32,350.67,0.492,SIDE,image_normalized
8,Kiran,5.0,Joga FC,23,0,408,6.81,531.71,pixels,78.11,322.37,0.529,SIDE,image_normalized
48,Track 48,,Unknown,44,246,600,5.91,530.52,pixels,89.83,197.41,0.468,SIDE,image_normalized
10,Track 10,,Unknown,40,12,252,4.0,529.74,pixels,132.3,248.07,0.638,SIDE,image_normalized
17,Track 17,,Unknown,32,48,234,3.1,528.16,pixels,170.2,392.95,0.748,SIDE,image_normalized
35,Track 35,,Unknown,34,156,522,6.11,518.52,pixels,84.92,167.04,0.701,SIDE,image_normalized
21,Track 21,,Unknown,16,78,210,2.2,451.91,pixels,205.21,331.85,0.45,SIDE,image_normalized
11,Track 11,,Unknown,27,18,222,3.4,386.73,pixels,113.63,241.79,0.493,SIDE,image_normalized
15,Track 15,,Unknown,23,36,192,2.6,347.12,pixels,133.37,264.4,0.441,SIDE,image_normalized
482,Track 482,,Unknown,154,8292,9210,15.32,204.12,meters,13.33,10.92,0.842,WIDE,pitch_world
1896,Track 1896,,Unknown,124,15312,16152,14.01,158.4,meters,11.3,11.06,0.806,WIDE,pitch_world
385,Track 385,,Unknown,210,7374,8646,21.22,157.89,meters,7.44,9.97,0.733,WIDE,pitch_world
349,Track 349,,Unknown,200,6828,8022,19.92,154.0,meters,7.73,10.51,0.746,WIDE,pitch_world
356,Track 356,,Unknown,276,6882,8556,27.93,150.94,meters,5.4,9.03,0.764,WIDE,pitch_world
261,Track 261,,Unknown,130,6000,6774,12.91,142.93,meters,11.07,9.64,0.793,WIDE,pitch_world
404,Track 404,,Unknown,157,7650,8586,15.62,135.23,meters,8.66,9.73,0.811,WIDE,pitch_world
260,Track 260,,Unknown,121,6000,6720,12.01,132.91,meters,11.06,9.12,0.796,WIDE,pitch_world
298,Track 298,,Unknown,103,6714,7344,10.51,121.42,meters,11.55,10.72,0.854,WIDE,pitch_world
2408,Track 2408,,Unknown,61,17790,18312,8.71,120.11,meters,13.79,11.17,0.87,WIDE,pitch_world
376,Track 376,,Unknown,192,7218,8364,19.12,116.96,meters,6.12,8.47,0.767,WIDE,pitch_world
2344,Track 2344,,Unknown,47,17640,17970,5.51,116.88,meters,21.23,11.19,0.682,WIDE,pitch_world
2259,Track 2259,,Unknown,133,17112,17916,13.41,115.3,meters,8.6,10.06,0.787,WIDE,pitch_world
1867,Track 1867,,Unknown,104,14946,15588,10.71,114.67,meters,10.71,11.3,0.838,WIDE,pitch_world
1641,Track 1641,,Unknown,60,13962,14358,6.61,112.57,meters,17.04,10.71,0.781,WIDE,pitch_world
2174,Track 2174,,Unknown,60,16674,17034,6.01,98.03,meters,16.32,11.06,0.833,WIDE,pitch_world
1833,Track 1833,,Unknown,111,14586,15300,11.91,96.63,meters,8.11,11.5,0.885,WIDE,pitch_world
262,Track 262,,Unknown,121,6000,6720,12.01,94.42,meters,7.86,7.79,0.761,WIDE,pitch_world
1955,Track 1955,,Unknown,71,15738,16158,7.01,93.36,meters,13.32,11.69,0.786,WIDE,pitch_world
335,Track 335,,Unknown,97,6792,7368,9.61,91.46,meters,9.52,9.51,0.805,WIDE,pitch_world
2519,Track 2519,,Unknown,23,18192,18330,2.3,91.14,meters,39.59,10.31,0.767,WIDE,pitch_world
2524,Track 2524,,Unknown,27,18192,18348,2.6,90.28,meters,34.69,10.41,0.786,WIDE,pitch_world
1936,Track 1936,,Unknown,107,15678,16314,10.61,88.48,meters,8.34,10.92,0.886,WIDE,pitch_world
1752,Track 1752,,Unknown,53,14370,14682,5.21,88.29,meters,16.96,11.16,0.884,WIDE,pitch_world
2183,Track 2183,,Unknown,54,16710,17034,5.41,87.68,meters,16.22,11.46,0.785,WIDE,pitch_world
360,Track 360,,Unknown,126,6912,7662,12.51,87.35,meters,6.98,9.45,0.787,WIDE,pitch_world
656,Track 656,,Unknown,17,9234,9660,7.11,85.72,meters,12.06,10.78,0.716,WIDE,pitch_world
1901,Track 1901,,Unknown,75,15366,15870,8.41,84.34,meters,10.03,11.27,0.806,WIDE,pitch_world
259,Track 259,,Unknown,79,6000,6468,7.81,81.08,meters,10.39,11.43,0.862,WIDE,pitch_world
1476,Track 1476,,Unknown,120,13242,14004,12.71,80.98,meters,6.37,8.29,0.844,WIDE,pitch_world
2190,Track 2190,,Unknown,34,16752,16950,3.3,80.84,meters,24.47,5.09,0.868,WIDE,pitch_world
2533,Track 2533,,Unknown,26,18222,18372,2.5,80.72,meters,32.26,7.06,0.74,WIDE,pitch_world
1900,Track 1900,,Unknown,46,15324,15594,4.5,79.97,meters,17.75,11.18,0.759,WIDE,pitch_world
1203,Track 1203,,Unknown,72,11886,12324,7.31,79.95,meters,10.94,10.25,0.755,WIDE,pitch_world
629,Track 629,,Unknown,46,9156,9732,9.61,78.99,meters,8.22,7.92,0.772,WIDE,pitch_world
1007,Track 1007,,Unknown,124,10962,11718,12.61,78.77,meters,6.25,9.46,0.743,WIDE,pitch_world
74,Track 74,,Unknown,19,462,570,1.8,76.72,pixels,42.58,101.86,0.563,SIDE,image_normalized
2532,Track 2532,,Unknown,17,18216,18360,2.4,74.96,meters,31.2,8.58,0.648,WIDE,pitch_world
372,Track 372,,Unknown,129,7050,7818,12.81,71.14,meters,5.55,10.62,0.821,WIDE,pitch_world
1651,Track 1651,,Unknown,46,13968,14358,6.51,70.92,meters,10.9,7.92,0.715,WIDE,pitch_world
2403,Track 2403,,Unknown,44,17784,18048,4.4,69.05,meters,15.68,11.98,0.897,WIDE,pitch_world
524,Track 524,,Unknown,40,8586,8964,6.31,68.13,meters,10.8,10.45,0.458,WIDE,pitch_world
1719,Track 1719,,Unknown,46,14112,14382,4.5,66.98,meters,14.87,11.71,0.812,WIDE,pitch_world
1408,Track 1408,,Unknown,37,12888,13104,3.6,66.55,meters,18.47,11.18,0.827,WIDE,pitch_world
2566,Track 2566,,Unknown,25,18312,18456,2.4,66.23,meters,27.57,9.59,0.723,WIDE,pitch_world
2186,Track 2186,,Unknown,43,16740,16998,4.3,65.8,meters,15.29,5.11,0.712,WIDE,pitch_world
1823,Track 1823,,Unknown,71,14508,14958,7.51,65.6,meters,8.74,10.47,0.737,WIDE,pitch_world
867,Track 867,,Unknown,65,9990,10374,6.41,65.07,meters,10.16,10.44,0.841,WIDE,pitch_world
1413,Track 1413,,Unknown,19,12936,13044,1.8,63.91,meters,35.47,11.14,0.732,WIDE,pitch_world
589,Track 589,,Unknown,37,8928,9144,3.6,63.77,meters,17.7,8.45,0.773,WIDE,pitch_world
2517,Track 2517,,Unknown,19,18192,18324,2.2,63.44,meters,28.81,7.15,0.771,WIDE,pitch_world
1415,Track 1415,,Unknown,26,12948,13104,2.6,63.32,meters,24.33,6.09,0.7,WIDE,pitch_world
539,Track 539,,Unknown,54,8646,9000,5.91,62.59,meters,10.6,11.32,0.723,WIDE,pitch_world
1229,Track 1229,,Unknown,51,12114,12426,5.21,62.47,meters,12.0,11.5,0.693,WIDE,pitch_world
1404,Track 1404,,Unknown,30,12858,13032,2.9,60.67,meters,20.9,5.81,0.714,WIDE,pitch_world
992,Track 992,,Unknown,164,10866,11844,16.32,59.87,meters,3.67,7.06,0.821,WIDE,pitch_world
1418,Track 1418,,Unknown,22,12978,13104,2.1,59.72,meters,28.41,10.45,0.835,WIDE,pitch_world
2416,Track 2416,,Unknown,27,17814,17970,2.6,58.64,meters,22.53,10.2,0.778,WIDE,pitch_world
2240,Track 2240,,Unknown,101,17046,17736,11.51,58.3,meters,5.06,10.1,0.73,WIDE,pitch_world
904,Track 904,,Unknown,18,10536,10782,4.1,58.21,meters,14.18,4.64,0.688,WIDE,pitch_world
2516,Track 2516,,Unknown,32,18192,18378,3.1,57.71,meters,18.6,10.07,0.891,WIDE,pitch_world
377,Track 377,,Unknown,69,7284,7692,6.81,57.55,meters,8.45,11.36,0.877,WIDE,pitch_world
2537,Track 2537,,Unknown,19,18234,18342,1.8,57.32,meters,31.81,8.27,0.766,WIDE,pitch_world
439,Track 439,,Unknown,37,7920,8136,3.6,57.15,meters,15.86,11.41,0.867,WIDE,pitch_world
1076,Track 1076,,Unknown,101,11202,11802,10.01,55.58,meters,5.55,9.47,0.747,WIDE,pitch_world
1398,Track 1398,,Unknown,28,12852,13014,2.7,55.36,meters,20.48,11.38,0.856,WIDE,pitch_world
1727,Track 1727,,Unknown,35,14154,14358,3.4,55.07,meters,16.18,9.64,0.883,WIDE,pitch_world
918,Track 918,,Unknown,16,10584,10770,3.1,55.02,meters,17.73,4.0,0.537,WIDE,pitch_world
981,Track 981,,Unknown,48,10818,11238,7.01,54.42,meters,7.77,8.89,0.702,WIDE,pitch_world
822,Track 822,,Unknown,29,9744,9924,3.0,54.29,meters,18.08,11.56,0.796,WIDE,pitch_world
543,Track 543,,Unknown,49,8652,9012,6.01,53.86,meters,8.97,10.91,0.716,WIDE,pitch_world
963,Track 963,,Unknown,76,10770,11220,7.51,52.84,meters,7.04,10.36,0.801,WIDE,pitch_world
644,Track 644,,Unknown,20,9174,9444,4.5,52.63,meters,11.68,10.66,0.723,WIDE,pitch_world
1943,Track 1943,,Unknown,80,15684,16284,10.01,52.58,meters,5.25,9.23,0.696,WIDE,pitch_world
1204,Track 1204,,Unknown,49,11886,12174,4.8,51.14,meters,10.64,10.66,0.733,WIDE,pitch_world
1226,Track 1226,,Unknown,33,12096,12402,5.11,51.09,meters,10.01,7.15,0.475,WIDE,pitch_world
825,Track 825,,Unknown,41,9744,9984,4.0,50.18,meters,12.53,9.19,0.755,WIDE,pitch_world
1401,Track 1401,,Unknown,25,12852,12996,2.4,50.07,meters,20.84,11.91,0.689,WIDE,pitch_world
704,Track 704,,Unknown,35,9438,9732,4.9,49.56,meters,10.1,10.49,0.762,WIDE,pitch_world
284,Track 284,,Unknown,31,6432,6768,5.61,49.18,meters,8.77,5.99,0.805,WIDE,pitch_world
1402,Track 1402,,Unknown,22,12852,12978,2.1,49.03,meters,23.32,23.32,0.697,WIDE,pitch_world
880,Track 880,,Unknown,52,10218,10524,5.11,49.0,meters,9.6,10.77,0.862,WIDE,pitch_world
531,Track 531,,Unknown,48,8604,8886,4.7,48.44,meters,10.3,7.5,0.77,WIDE,pitch_world
824,Track 824,,Unknown,39,9744,9978,3.9,47.17,meters,12.08,11.47,0.718,WIDE,pitch_world
1020,Track 1020,,Unknown,138,11022,11874,14.21,46.8,meters,3.29,7.89,0.707,WIDE,pitch_world
437,Track 437,,Unknown,106,7908,8574,11.11,46.64,meters,4.2,1.84,0.628,WIDE,pitch_world
411,Track 411,,Unknown,39,7686,7914,3.8,46.4,meters,12.2,11.39,0.621,WIDE,pitch_world
378,Track 378,,Unknown,107,7290,7926,10.61,46.18,meters,4.35,7.59,0.735,WIDE,pitch_world
1724,Track 1724,,Unknown,36,14148,14358,3.5,45.45,meters,12.97,11.3,0.694,WIDE,pitch_world
919,Track 919,,Unknown,18,10644,10764,2.0,45.39,meters,22.67,7.58,0.713,WIDE,pitch_world
1994,Track 1994,,Unknown,65,15816,16206,6.51,45.29,meters,6.96,7.53,0.717,WIDE,pitch_world
2175,Track 2175,,Unknown,32,16674,16860,3.1,44.99,meters,14.5,10.13,0.79,WIDE,pitch_world
691,Track 691,,Unknown,30,9396,9642,4.1,44.29,meters,10.79,10.17,0.772,WIDE,pitch_world
1005,Track 1005,,Unknown,89,10950,11766,13.61,43.89,meters,3.22,7.52,0.642,WIDE,pitch_world
2217,Track 2217,,Unknown,33,16842,17034,3.2,43.62,meters,13.62,11.22,0.736,WIDE,pitch_world
1931,Track 1931,,Unknown,21,15642,15762,2.0,42.93,meters,21.44,11.47,0.763,WIDE,pitch_world
1419,Track 1419,,Unknown,17,13008,13104,1.6,42.78,meters,26.71,5.59,0.804,WIDE,pitch_world
1728,Track 1728,,Unknown,34,14160,14358,3.3,42.67,meters,12.92,11.02,0.838,WIDE,pitch_world
1842,Track 1842,,Unknown,67,14658,15144,8.11,42.27,meters,5.21,9.47,0.704,WIDE,pitch_world
1403,Track 1403,,Unknown,19,12852,12960,1.8,42.24,meters,23.44,23.44,0.448,WIDE,pitch_world
1827,Track 1827,,Unknown,40,14520,14850,5.51,42.05,meters,7.64,10.53,0.806,WIDE,pitch_world
1255,Track 1255,,Unknown,36,12216,12438,3.7,41.85,meters,11.3,10.99,0.706,WIDE,pitch_world
2364,Track 2364,,Unknown,18,17682,17784,1.7,41.48,meters,24.38,7.58,0.608,WIDE,pitch_world
878,Track 878,,Unknown,20,10134,10248,1.9,41.41,meters,21.77,6.19,0.897,WIDE,pitch_world
1430,Track 1430,,Unknown,140,13116,13950,13.91,40.24,meters,2.89,7.27,0.714,WIDE,pitch_world
627,Track 627,,Unknown,51,9156,9462,5.11,40.06,meters,7.85,10.57,0.769,WIDE,pitch_world
295,Track 295,,Unknown,22,6588,6714,2.1,39.25,meters,18.67,11.83,0.888,WIDE,pitch_world
643,Track 643,,Unknown,29,9174,9474,5.01,39.24,meters,7.84,9.45,0.587,WIDE,pitch_world
1853,Track 1853,,Unknown,58,14718,15060,5.71,38.3,meters,6.71,8.63,0.76,WIDE,pitch_world
1311,Track 1311,,Unknown,66,12450,12840,6.51,38.28,meters,5.88,10.73,0.723,WIDE,pitch_world
638,Track 638,,Unknown,35,9162,9378,3.6,38.16,meters,10.59,5.7,0.626,WIDE,pitch_world
1201,Track 1201,,Unknown,35,11886,12090,3.4,38.15,meters,11.21,11.94,0.834,WIDE,pitch_world
2025,Track 2025,,Unknown,56,15984,16314,5.51,37.87,meters,6.88,9.25,0.887,WIDE,pitch_world
732,Track 732,,Unknown,24,9504,9654,2.5,36.74,meters,14.68,10.4,0.714,WIDE,pitch_world
2522,Track 2522,,Unknown,15,18192,18282,1.5,36.62,meters,24.39,0.0,0.461,WIDE,pitch_world
367,Track 367,,Unknown,87,6996,7512,8.61,36.55,meters,4.25,7.12,0.745,WIDE,pitch_world
2030,Track 2030,,Unknown,47,16038,16314,4.6,36.48,meters,7.92,10.53,0.855,WIDE,pitch_world
566,Track 566,,Unknown,28,8796,8964,2.8,35.65,meters,12.72,10.44,0.544,WIDE,pitch_world
1026,Track 1026,,Unknown,99,11034,11622,9.81,35.63,meters,3.63,7.98,0.72,WIDE,pitch_world
731,Track 731,,Unknown,24,9498,9708,3.5,35.08,meters,10.01,6.19,0.585,WIDE,pitch_world
2459,Track 2459,,Unknown,28,18018,18180,2.7,34.96,meters,12.94,10.83,0.851,WIDE,pitch_world
2177,Track 2177,,Unknown,27,16674,16854,3.0,34.86,meters,11.61,11.85,0.773,WIDE,pitch_world
1486,Track 1486,,Unknown,74,13308,13908,10.01,34.18,meters,3.41,7.56,0.718,WIDE,pitch_world
997,Track 997,,Unknown,15,10878,11010,2.2,34.16,meters,15.51,9.13,0.757,WIDE,pitch_world
138,Track 138,,Unknown,74,4962,5400,7.31,33.75,meters,4.62,7.37,0.673,WIDE,pitch_world
636,Track 636,,Unknown,34,9162,9360,3.3,33.15,meters,10.04,11.24,0.795,WIDE,pitch_world
1012,Track 1012,,Unknown,22,10998,11178,3.0,32.95,meters,10.97,11.81,0.58,WIDE,pitch_world
140,Track 140,,Unknown,72,4962,5388,7.11,32.95,meters,4.64,5.4,0.614,WIDE,pitch_world
1917,Track 1917,,Unknown,22,15534,15672,2.3,32.39,meters,14.07,9.94,0.672,WIDE,pitch_world
2250,Track 2250,,Unknown,105,17070,17736,11.11,32.32,meters,2.91,9.49,0.668,WIDE,pitch_world
471,Track 471,,Unknown,40,8208,8574,6.11,32.15,meters,5.27,2.0,0.391,WIDE,pitch_world
1512,Track 1512,,Unknown,24,13524,13740,3.6,31.78,meters,8.82,11.07,0.652,WIDE,pitch_world
2400,Track 2400,,Unknown,19,17778,17886,1.8,31.56,meters,17.51,11.46,0.734,WIDE,pitch_world
724,Track 724,,Unknown,30,9486,9684,3.3,30.88,meters,9.35,10.95,0.729,WIDE,pitch_world
2236,Track 2236,,Unknown,90,17046,17604,9.31,30.8,meters,3.31,8.17,0.698,WIDE,pitch_world
2062,Track 2062,,Unknown,57,16326,16662,5.61,30.62,meters,5.46,10.25,0.778,WIDE,pitch_world
889,Track 889,,Unknown,58,10374,10722,5.81,30.55,meters,5.26,10.76,0.855,WIDE,pitch_world
2080,Track 2080,,Unknown,52,16350,16662,5.21,30.28,meters,5.82,9.99,0.794,WIDE,pitch_world
988,Track 988,,Unknown,25,10854,11028,2.9,30.16,meters,10.39,9.52,0.716,WIDE,pitch_world
2274,Track 2274,,Unknown,28,17172,17544,6.21,29.97,meters,4.83,10.52,0.519,WIDE,pitch_world
827,Track 827,,Unknown,29,9744,9912,2.8,29.91,meters,10.67,5.49,0.729,WIDE,pitch_world
1243,Track 1243,,Unknown,46,12168,12438,4.5,29.3,meters,6.5,10.64,0.887,WIDE,pitch_world
884,Track 884,,Unknown,43,10272,10524,4.2,29.23,meters,6.95,11.37,0.785,WIDE,pitch_world
337,Track 337,,Unknown,16,6798,6888,1.5,29.02,meters,19.33,10.42,0.803,WIDE,pitch_world
1909,Track 1909,,Unknown,18,15462,15606,2.4,28.95,meters,12.05,11.09,0.568,WIDE,pitch_world
1069,Track 1069,,Unknown,107,11178,11874,11.61,28.89,meters,2.49,5.54,0.664,WIDE,pitch_world
2118,Track 2118,,Unknown,19,16524,16644,2.0,28.87,meters,14.42,10.99,0.573,WIDE,pitch_world
1312,Track 1312,,Unknown,38,12450,12840,6.51,28.38,meters,4.36,7.26,0.689,WIDE,pitch_world
2034,Track 2034,,Unknown,26,16164,16314,2.5,28.17,meters,11.26,9.85,0.682,WIDE,pitch_world
2261,Track 2261,,Unknown,41,17118,17358,4.0,27.71,meters,6.92,11.16,0.881,WIDE,pitch_world
1562,Track 1562,,Unknown,15,13812,13938,2.1,27.34,meters,13.01,11.02,0.649,WIDE,pitch_world
2309,Track 2309,,Unknown,54,17334,17652,5.31,27.31,meters,5.15,7.47,0.716,WIDE,pitch_world
1343,Track 1343,,Unknown,56,12510,12840,5.51,27.15,meters,4.93,9.26,0.806,WIDE,pitch_world
198,Track 198,,Unknown,40,5646,5880,3.9,26.68,meters,6.83,7.8,0.77,WIDE,pitch_world
985,Track 985,,Unknown,27,10842,11070,3.8,26.19,meters,6.89,8.53,0.666,WIDE,pitch_world
2066,Track 2066,,Unknown,26,16326,16548,3.7,26.18,meters,7.07,5.11,0.627,WIDE,pitch_world
2116,Track 2116,,Unknown,22,16494,16626,2.2,26.11,meters,11.85,11.65,0.681,WIDE,pitch_world
1874,Track 1874,,Unknown,39,15072,15300,3.8,25.92,meters,6.82,11.04,0.749,WIDE,pitch_world
1902,Track 1902,,Unknown,20,15372,15486,1.9,25.8,meters,13.56,11.29,0.742,WIDE,pitch_world
1410,Track 1410,,Unknown,15,12912,12996,1.4,25.66,meters,18.31,18.31,0.712,WIDE,pitch_world
1305,Track 1305,,Unknown,19,12450,12558,1.8,25.62,meters,14.22,10.97,0.891,WIDE,pitch_world
697,Track 697,,Unknown,21,9426,9606,3.0,25.55,meters,8.51,6.82,0.766,WIDE,pitch_world
2311,Track 2311,,Unknown,41,17364,17628,4.4,25.34,meters,5.75,9.11,0.648,WIDE,pitch_world
1802,Track 1802,,Unknown,15,14466,14550,1.4,24.69,meters,17.62,10.86,0.779,WIDE,pitch_world
485,Track 485,,Unknown,26,8298,8484,3.1,24.54,meters,7.91,9.88,0.572,WIDE,pitch_world
152,Track 152,,Unknown,27,4974,5178,3.4,24.39,meters,7.17,9.24,0.522,WIDE,pitch_world
823,Track 823,,Unknown,26,9744,9894,2.5,23.81,meters,9.51,10.58,0.786,WIDE,pitch_world
902,Track 902,,Unknown,33,10536,10728,3.2,23.7,meters,7.4,10.64,0.776,WIDE,pitch_world
458,Track 458,,Unknown,73,8028,8550,8.71,23.06,meters,2.65,5.29,0.565,WIDE,pitch_world
2178,Track 2178,,Unknown,30,16674,16848,2.9,22.77,meters,7.84,10.05,0.721,WIDE,pitch_world
2440,Track 2440,,Unknown,21,17970,18138,2.8,22.77,meters,8.12,10.82,0.62,WIDE,pitch_world
1532,Track 1532,,Unknown,28,13644,13950,5.11,22.72,meters,4.45,1.93,0.642,WIDE,pitch_world
1701,Track 1701,,Unknown,15,14040,14124,1.4,22.44,meters,16.01,11.44,0.734,WIDE,pitch_world
2323,Track 2323,,Unknown,27,17478,17670,3.2,22.36,meters,6.98,7.11,0.677,WIDE,pitch_world
563,Track 563,,Unknown,24,8784,8922,2.3,22.14,meters,9.62,9.56,0.646,WIDE,pitch_world
2096,Track 2096,,Unknown,33,16398,16590,3.2,22.13,meters,6.91,9.82,0.666,WIDE,pitch_world
2063,Track 2063,,Unknown,42,16326,16572,4.1,22.07,meters,5.38,9.53,0.735,WIDE,pitch_world
623,Track 623,,Unknown,17,9048,9144,1.6,21.88,meters,13.66,10.89,0.814,WIDE,pitch_world
150,Track 150,,Unknown,19,4968,5082,1.9,21.82,meters,11.48,8.12,0.432,WIDE,pitch_world
1121,Track 1121,,Unknown,67,11478,11874,6.61,21.38,meters,3.24,8.22,0.704,WIDE,pitch_world
885,Track 885,,Unknown,41,10284,10524,4.0,21.09,meters,5.27,10.25,0.755,WIDE,pitch_world
144,Track 144,,Unknown,16,4962,5052,1.5,21.09,meters,14.05,3.68,0.568,WIDE,pitch_world
1428,Track 1428,,Unknown,104,13116,13734,10.31,20.98,meters,2.04,4.38,0.767,WIDE,pitch_world
1276,Track 1276,,Unknown,25,12294,12438,2.4,20.96,meters,8.72,10.75,0.748,WIDE,pitch_world
1832,Track 1832,,Unknown,21,14586,14706,2.0,20.92,meters,10.45,10.91,0.928,WIDE,pitch_world
1814,Track 1814,,Unknown,15,14484,14592,1.8,20.77,meters,11.53,6.08,0.739,WIDE,pitch_world
196,Track 196,,Unknown,41,5646,5946,5.01,20.57,meters,4.11,3.84,0.75,WIDE,pitch_world
2412,Track 2412,,Unknown,15,17802,17886,1.4,20.54,meters,14.66,10.07,0.738,WIDE,pitch_world
379,Track 379,,Unknown,65,7314,7698,6.41,20.45,meters,3.19,5.97,0.692,WIDE,pitch_world
607,Track 607,,Unknown,16,8994,9084,1.5,20.29,meters,13.51,5.68,0.706,WIDE,pitch_world
1241,Track 1241,,Unknown,33,12162,12354,3.2,20.28,meters,6.33,9.3,0.771,WIDE,pitch_world
1526,Track 1526,,Unknown,50,13596,13932,5.61,19.94,meters,3.56,7.31,0.682,WIDE,pitch_world
273,Track 273,,Unknown,24,6246,6384,2.3,19.62,meters,8.52,10.13,0.769,WIDE,pitch_world
1319,Track 1319,,Unknown,27,12462,12618,2.6,19.27,meters,7.4,11.23,0.68,WIDE,pitch_world
461,Track 461,,Unknown,42,8106,8562,7.61,18.78,meters,2.47,3.67,0.62,WIDE,pitch_world
440,Track 440,,Unknown,54,7920,8244,5.41,18.7,meters,3.46,8.66,0.63,WIDE,pitch_world
1569,Track 1569,,Unknown,19,13842,13950,1.8,17.74,meters,9.85,10.81,0.721,WIDE,pitch_world
2455,Track 2455,,Unknown,24,18000,18180,3.0,17.47,meters,5.82,10.5,0.569,WIDE,pitch_world
448,Track 448,,Unknown,57,7980,8370,6.51,17.33,meters,2.66,2.74,0.614,WIDE,pitch_world
1002,Track 1002,,Unknown,20,10914,11130,3.6,16.97,meters,4.71,7.62,0.63,WIDE,pitch_world
903,Track 903,,Unknown,33,10536,10728,3.2,16.88,meters,5.27,6.45,0.746,WIDE,pitch_world
1105,Track 1105,,Unknown,43,11364,11640,4.6,16.68,meters,3.62,8.32,0.661,WIDE,pitch_world
1084,Track 1084,,Unknown,43,11268,11562,4.9,16.63,meters,3.39,6.08,0.566,WIDE,pitch_world
265,Track 265,,Unknown,32,6174,6360,3.1,16.55,meters,5.33,8.92,0.742,WIDE,pitch_world
2578,Track 2578,,Unknown,16,18390,18480,1.5,16.34,meters,10.88,10.94,0.788,WIDE,pitch_world
2328,Track 2328,,Unknown,32,17508,17694,3.1,16.27,meters,5.24,9.05,0.731,WIDE,pitch_world
147,Track 147,,Unknown,18,4968,5070,1.7,16.27,meters,9.56,11.37,0.611,WIDE,pitch_world
1905,Track 1905,,Unknown,29,15396,15564,2.8,16.23,meters,5.79,9.5,0.733,WIDE,pitch_world
1143,Track 1143,,Unknown,42,11616,11874,4.3,16.06,meters,3.73,7.19,0.672,WIDE,pitch_world
2128,Track 2128,,Unknown,20,16548,16662,1.9,15.54,meters,8.17,10.97,0.664,WIDE,pitch_world
684,Track 684,,Unknown,16,9384,9510,2.1,15.03,meters,7.15,9.45,0.732,WIDE,pitch_world
1008,Track 1008,,Unknown,23,10968,11154,3.1,15.02,meters,4.84,8.84,0.53,WIDE,pitch_world
2275,Track 2275,,Unknown,29,17178,17436,4.3,14.85,meters,3.45,6.45,0.576,WIDE,pitch_world
2226,Track 2226,,Unknown,17,16938,17034,1.6,14.82,meters,9.25,10.63,0.876,WIDE,pitch_world
2466,Track 2466,,Unknown,24,18042,18180,2.3,14.71,meters,6.39,11.39,0.698,WIDE,pitch_world
982,Track 982,,Unknown,16,10818,10920,1.7,14.69,meters,8.63,10.64,0.727,WIDE,pitch_world
2330,Track 2330,,Unknown,29,17520,17700,3.0,14.43,meters,4.8,11.42,0.615,WIDE,pitch_world
1128,Track 1128,,Unknown,52,11550,11874,5.41,14.26,meters,2.64,4.86,0.644,WIDE,pitch_world
1048,Track 1048,,Unknown,56,11118,11514,6.61,14.16,meters,2.14,4.57,0.617,WIDE,pitch_world
971,Track 971,,Unknown,38,10788,11010,3.7,14.02,meters,3.79,7.58,0.812,WIDE,pitch_world
1323,Track 1323,,Unknown,18,12468,12588,2.0,13.93,meters,6.96,11.48,0.636,WIDE,pitch_world
887,Track 887,,Unknown,21,10362,10524,2.7,13.7,meters,5.07,7.71,0.37,WIDE,pitch_world
2131,Track 2131,,Unknown,16,16560,16662,1.7,13.4,meters,7.88,10.73,0.693,WIDE,pitch_world
646,Track 646,,Unknown,20,9180,9324,2.4,13.06,meters,5.44,10.34,0.767,WIDE,pitch_world
1556,Track 1556,,Unknown,22,13794,13950,2.6,13.0,meters,4.99,11.01,0.638,WIDE,pitch_world
828,Track 828,,Unknown,21,9744,9870,2.1,12.92,meters,6.14,9.81,0.722,WIDE,pitch_world
1115,Track 1115,,Unknown,19,11436,11664,3.8,12.49,meters,3.28,6.85,0.748,WIDE,pitch_world
567,Track 567,,Unknown,19,8796,8904,1.8,12.49,meters,6.93,9.91,0.702,WIDE,pitch_world
267,Track 267,,Unknown,31,6180,6366,3.1,12.48,meters,4.02,6.13,0.65,WIDE,pitch_world
2078,Track 2078,,Unknown,32,16344,16530,3.1,12.31,meters,3.97,8.85,0.653,WIDE,pitch_world
1904,Track 1904,,Unknown,16,15384,15474,1.5,12.24,meters,8.15,7.84,0.747,WIDE,pitch_world
2293,Track 2293,,Unknown,31,17238,17478,4.0,12.19,meters,3.04,10.25,0.637,WIDE,pitch_world
901,Track 901,,Unknown,27,10536,10698,2.7,12.17,meters,4.5,9.42,0.704,WIDE,pitch_world
443,Track 443,,Unknown,36,7962,8178,3.6,12.1,meters,3.36,6.19,0.568,WIDE,pitch_world
2049,Track 2049,,Unknown,15,16230,16314,1.4,11.75,meters,8.38,11.07,0.627,WIDE,pitch_world
2060,Track 2060,,Unknown,33,16326,16518,3.2,11.57,meters,3.61,10.03,0.83,WIDE,pitch_world
1514,Track 1514,,Unknown,45,13536,13812,4.6,11.23,meters,2.44,5.73,0.7,WIDE,pitch_world
1358,Track 1358,,Unknown,41,12540,12840,5.01,11.15,meters,2.23,3.72,0.634,WIDE,pitch_world
2287,Track 2287,,Unknown,22,17214,17340,2.1,10.97,meters,5.22,9.92,0.8,WIDE,pitch_world
199,Track 199,,Unknown,40,5646,5880,3.9,10.49,meters,2.69,0.52,0.756,WIDE,pitch_world
1122,Track 1122,,Unknown,31,11526,11724,3.3,10.23,meters,3.1,5.1,0.62,WIDE,pitch_world
1819,Track 1819,,Unknown,16,14502,14592,1.5,10.1,meters,6.73,10.55,0.792,WIDE,pitch_world
2064,Track 2064,,Unknown,32,16326,16512,3.1,10.08,meters,3.25,9.29,0.707,WIDE,pitch_world
2300,Track 2300,,Unknown,17,17280,17544,4.4,10.06,meters,2.29,8.86,0.57,WIDE,pitch_world
1112,Track 1112,,Unknown,21,11424,11628,3.4,9.85,meters,2.89,3.14,0.626,WIDE,pitch_world
540,Track 540,,Unknown,18,8646,8784,2.3,9.77,meters,4.24,2.32,0.337,WIDE,pitch_world
1436,Track 1436,,Unknown,41,13116,13356,4.0,9.62,meters,2.4,7.68,0.725,WIDE,pitch_world
1120,Track 1120,,Unknown,22,11472,11730,4.3,9.58,meters,2.23,4.46,0.536,WIDE,pitch_world
1881,Track 1881,,Unknown,19,15192,15300,1.8,9.56,meters,5.31,7.93,0.677,WIDE,pitch_world
1367,Track 1367,,Unknown,44,12582,12840,4.3,9.24,meters,2.15,4.37,0.688,WIDE,pitch_world
161,Track 161,,Unknown,21,5046,5202,2.6,9.23,meters,3.55,10.7,0.571,WIDE,pitch_world
204,Track 204,,Unknown,39,5646,5892,4.1,8.88,meters,2.16,0.64,0.526,WIDE,pitch_world
1256,Track 1256,,Unknown,35,12222,12438,3.6,8.74,meters,2.43,5.23,0.681,WIDE,pitch_world
2235,Track 2235,,Unknown,53,17046,17364,5.31,8.65,meters,1.63,3.17,0.713,WIDE,pitch_world
206,Track 206,,Unknown,29,5646,5820,2.9,8.52,meters,2.93,0.91,0.399,WIDE,pitch_world
2302,Track 2302,,Unknown,25,17304,17472,2.8,8.51,meters,3.04,8.42,0.616,WIDE,pitch_world
1188,Track 1188,,Unknown,20,11760,11874,1.9,8.43,meters,4.43,7.02,0.535,WIDE,pitch_world
1952,Track 1952,,Unknown,16,15714,15804,1.5,8.4,meters,5.59,8.21,0.622,WIDE,pitch_world
488,Track 488,,Unknown,35,8334,8556,3.7,8.32,meters,2.25,4.42,0.612,WIDE,pitch_world
1202,Track 1202,,Unknown,25,11886,12030,2.4,8.27,meters,3.44,5.09,0.689,WIDE,pitch_world
1101,Track 1101,,Unknown,32,11328,11514,3.1,8.1,meters,2.61,5.13,0.666,WIDE,pitch_world
693,Track 693,,Unknown,19,9408,9558,2.5,7.84,meters,3.13,5.95,0.625,WIDE,pitch_world
497,Track 497,,Unknown,24,8394,8532,2.3,7.59,meters,3.3,8.02,0.593,WIDE,pitch_world
1488,Track 1488,,Unknown,43,13320,13596,4.6,7.55,meters,1.64,3.01,0.6,WIDE,pitch_world
1374,Track 1374,,Unknown,32,12618,12804,3.1,7.53,meters,2.43,4.11,0.669,WIDE,pitch_world
899,Track 899,,Unknown,25,10536,10680,2.4,7.47,meters,3.11,6.57,0.815,WIDE,pitch_world
972,Track 972,,Unknown,20,10788,10902,1.9,7.29,meters,3.83,8.5,0.703,WIDE,pitch_world
1736,Track 1736,,Unknown,22,14232,14358,2.1,7.26,meters,3.45,8.59,0.849,WIDE,pitch_world
1064,Track 1064,,Unknown,23,11166,11298,2.2,7.0,meters,3.18,3.6,0.637,WIDE,pitch_world
1492,Track 1492,,Unknown,61,13386,13746,6.01,6.97,meters,1.16,2.53,0.609,WIDE,pitch_world
1463,Track 1463,,Unknown,24,13170,13350,3.0,6.95,meters,2.32,6.85,0.507,WIDE,pitch_world
1451,Track 1451,,Unknown,34,13146,13350,3.4,6.87,meters,2.02,6.15,0.6,WIDE,pitch_world
2237,Track 2237,,Unknown,23,17046,17178,2.2,6.31,meters,2.86,4.77,0.713,WIDE,pitch_world
389,Track 389,,Unknown,38,7428,7650,3.7,6.16,meters,1.66,1.63,0.661,WIDE,pitch_world
1011,Track 1011,,Unknown,19,10992,11100,1.8,5.91,meters,3.28,5.81,0.705,WIDE,pitch_world
500,Track 500,,Unknown,19,8412,8520,1.8,5.88,meters,3.26,6.41,0.675,WIDE,pitch_world
357,Track 357,,Unknown,20,6900,7026,2.1,5.63,meters,2.68,7.02,0.541,WIDE,pitch_world
1924,Track 1924,,Unknown,16,15576,15666,1.5,5.58,meters,3.72,7.65,0.75,WIDE,pitch_world
1730,Track 1730,,Unknown,27,14202,14358,2.6,5.52,meters,2.12,5.94,0.691,WIDE,pitch_world
2065,Track 2065,,Unknown,19,16326,16434,1.8,5.46,meters,3.03,5.5,0.723,WIDE,pitch_world
2465,Track 2465,,Unknown,24,18042,18180,2.3,5.35,meters,2.32,4.63,0.661,WIDE,pitch_world
1145,Track 1145,,Unknown,24,11622,11760,2.3,4.95,meters,2.15,4.75,0.689,WIDE,pitch_world
1470,Track 1470,,Unknown,18,13200,13302,1.7,4.72,meters,2.78,5.62,0.573,WIDE,pitch_world
1468,Track 1468,,Unknown,16,13200,13290,1.5,4.7,meters,3.13,4.14,0.605,WIDE,pitch_world
2252,Track 2252,,Unknown,40,17070,17316,4.1,4.69,meters,1.14,2.16,0.571,WIDE,pitch_world
1013,Track 1013,,Unknown,25,10998,11142,2.4,4.68,meters,1.95,4.78,0.661,WIDE,pitch_world
830,Track 830,,Unknown,21,9744,9864,2.0,4.43,meters,2.21,6.6,0.67,WIDE,pitch_world
1525,Track 1525,,Unknown,39,13596,13824,3.8,4.31,meters,1.13,2.58,0.615,WIDE,pitch_world
900,Track 900,,Unknown,31,10536,10716,3.0,4.3,meters,1.43,1.94,0.676,WIDE,pitch_world
2239,Track 2239,,Unknown,18,17046,17148,1.7,3.98,meters,2.34,3.83,0.59,WIDE,pitch_world
2253,Track 2253,,Unknown,24,17076,17238,2.7,3.91,meters,1.45,2.71,0.598,WIDE,pitch_world
898,Track 898,,Unknown,17,10536,10632,1.6,3.83,meters,2.39,4.79,0.674,WIDE,pitch_world
1095,Track 1095,,Unknown,18,11298,11406,1.8,3.8,meters,2.11,5.19,0.542,WIDE,pitch_world
912,Track 912,,Unknown,18,10560,10662,1.7,3.74,meters,2.2,3.43,0.614,WIDE,pitch_world
2028,Track 2028,,Unknown,27,16008,16164,2.6,3.68,meters,1.41,4.37,0.741,WIDE,pitch_world
1469,Track 1469,,Unknown,16,13200,13290,1.5,3.65,meters,2.43,5.06,0.604,WIDE,pitch_world
1067,Track 1067,,Unknown,15,11172,11256,1.4,3.09,meters,2.21,3.74,0.437,WIDE,pitch_world
499,Track 499,,Unknown,26,8400,8550,2.5,2.96,meters,1.18,2.74,0.606,WIDE,pitch_world
1431,Track 1431,,Unknown,22,13116,13242,2.1,2.89,meters,1.37,3.21,0.603,WIDE,pitch_world
1531,Track 1531,,Unknown,20,13644,13758,1.9,2.69,meters,1.42,2.82,0.508,WIDE,pitch_world
2091,Track 2091,,Unknown,15,16368,16452,1.4,2.66,meters,1.9,3.8,0.633,WIDE,pitch_world
405,Track 405,,Unknown,25,7668,7812,2.4,2.52,meters,1.05,3.16,0.487,WIDE,pitch_world
2245,Track 2245,,Unknown,15,17046,17130,1.4,2.4,meters,1.71,3.04,0.486,WIDE,pitch_world
373,Track 373,,Unknown,27,7074,7230,2.6,2.22,meters,0.85,2.5,0.659,WIDE,pitch_world
906,Track 906,,Unknown,23,10536,10674,2.3,1.93,meters,0.84,2.03,0.585,WIDE,pitch_world
1484,Track 1484,,Unknown,20,13284,13398,1.9,1.81,meters,0.95,1.96,0.566,WIDE,pitch_world
1096,Track 1096,,Unknown,16,11298,11388,1.5,1.62,meters,1.08,2.66,0.503,WIDE,pitch_world
272,Track 272,,Unknown,16,6228,6354,2.1,0.58,meters,0.28,0.8,0.435,WIDE,pitch_world
201,Track 201,,Unknown,40,5646,5880,3.9,0.55,meters,0.14,0.71,0.499,WIDE,pitch_world
2040,Track 2040,,Unknown,21,16188,16314,2.1,0.35,meters,0.17,0.17,0.605,WIDE,pitch_world
208,Track 208,,Unknown,49,5700,5988,4.8,0.23,meters,0.05,0.1,0.862,WIDE,pitch_world
1206,Track 1206,,Unknown,22,11892,12018,2.1,0.0,meters,0.0,0.0,0.744,WIDE,pitch_world
209,Track 209,,Unknown,30,5700,5874,2.9,0.0,meters,0.0,0.0,0.534,WIDE,pitch_world
892,Track 892,,Unknown,15,10422,10524,1.7,0.0,meters,0.0,0.0,0.464,WIDE,pitch_world
