segment,frame,video_time,match_time,score,raw_ocr,ocr_confidence
1,0,0.0,,,". "" a l",27.25
1,48,0.801,,,a Ct. | ae o,19.8
1,96,1.602,,,RS an ce aac ; :,11.0
1,144,2.402,,,,0.0
1,192,3.203,,,,0.0
1,240,4.004,,,!,66.0
1,288,4.805,,,| a ! HUB 3. wt ~,58.0
1,336,5.606,,,"HUB s:: c ,_r X *",56.83
1,384,6.406,,,o* “owe. Cem. veeeww ~~ - HUBS:,20.57
1,432,7.207,,,| wee ——~ = HUBS:,49.4
1,480,8.008,,4-8,a 48 . \ rtrrtry: = ~~ =,27.88
1,528,8.809,,,a,8.0
1,576,9.61,,,,0.0
1,624,10.41,,,,0.0
1,672,11.211,,,,0.0
1,720,12.012,,,,0.0
1,768,12.813,,,"wo: = : N\ vag ~ . ™ \ “~ o- . - 7 ; , hr, ee ee",19.79
1,816,13.614,,,"me : er + a, eg | Bea, toy ~—, wy Re rn",32.54
1,864,14.414,,,LI | ee meee ™ re. y | Sry ee,36.9
1,912,15.215,,,"Ky] w a | —,—. a ~ tine 8 + oi, __ >",37.15
1,960,16.016,,,“| ie ®e 7 aaa,40.0
2,4956,82.683,,,,0.0
2,4987,83.2,,,— ~ ae ™ ae ~ ~~ . ma a,35.4
2,5018,83.717,,,A oN : q . — a oi oe i on oe . .,29.29
2,5049,84.234,,,"oo yf a w~. JG ee a ae: . ' P aN a0) S ee, "" . oe i ak a . ™ : “ 5 ° . ne, ‘ Xe . ee OO 8",31.8
2,5080,84.751,,,"_ “—N a J cet ee 0 “3 . “4 ae Prose: re z . oy .. “ . x . , Ce . a e rs. te! . ay ~ - a .",27.03
2,5111,85.269,,,"&. , ee a a . yee : oy . ; . ‘ re a ot ~ ws” = : B. a. at yy? on ey ’ ! Stel aS aS ; <neiiae . ot . a ayy"" on , . bal , - . fol wer 8 ‘ wd wpe",24.49
2,5142,85.786,,2-7,"ee ‘™ . So MA > x: apes aA) eR -_ rand . oy, hh 9S ata ») ’ : Pe ~ . . , e ¥ an bat ‘ ‘ 4: , . : ° . +e . ye eC ~\ <a ek en 2 . cup enh 3 aan ‘e ‘ ey aac “s ‘ee : “2 7. . ‘ 4 “ RQ. . . i 5° ae re “toe .. i . “. Taro ae omy ‘ > + » y .",25.99
2,5173,86.303,,,"—~ . Dw. oe aie ved . 2 Oy - > ®-. at - on ‘y . 4. ™. * oo, . x - r= q . 2",28.75
2,5204,86.82,,,. 7 - Jee bw wo - al . . eo he MS in ete ~ wos . ae Y an oe : a : ay On ero | . oe o's . >. oat,31.14
2,5235,87.337,,,". ace *,° “te: “eg ‘ Ne to, wees . 7 X¢. ee ¥, . ” a. 5 aver oe {",26.33
2,5266,87.854,,,,0.0
2,5297,88.372,,,,0.0
2,5328,88.889,,,"S, x8 - | . = sate eee \",22.67
2,5359,89.406,,,,0.0
2,5390,89.923,,,XN NX \,34.33
3,5640,94.094,,,,0.0
3,6562,109.476,,7-0,PANDA FC «> - aN 7 0 @) JOGAFC _ _ K f— -._« a an,34.88
3,7484,124.858,,1-1,PANDAFC =: 0 Wy QO = JOGA FC a - - ty 11 \Lo | emeaaten,37.38
3,8406,140.24,,7-0,"PANDAFC > 0) ‘ 7 0 @ JocAFC . “a ATP, UN a lk",39.07
3,9328,155.622,,,PANDAFC = O74 0 @) Jocarc,35.67
3,10250,171.004,,,PANDA FC = ov y 0 @) JOGA FC,44.44
3,11172,186.386,,,PANDAFC = O14 Q @5 Jocarc,42.0
3,12094,201.768,,,"PANDAFC=° Vy, Q ""7 JOGA FC",32.67
3,13016,217.15,,,"PANDA FC «=: 0% Q ""7 JOGA FC",46.38
3,13938,232.532,,7-0,PANDAFC =: Q\'7 0 & JOGAFC,56.0
3,14860,247.914,,,"PANDAFC = 0) \y, 0 & JOGA 3",42.88
3,15782,263.296,,,"PANDA FC «=: 0% 0 ""9 JOGA FC",42.5
3,16704,278.678,,,PANDAFC = 0) WW 0 % JOGAFC . -- ”—h—C CE | CL ES,26.14
3,17626,294.06,,,MPANDAFC = 0 ey JOGA FC,57.67
3,18548,309.442,,,"— PANDAFC => 0) Vy, 0 & JOGA FC ee ee me ON oO",36.14
3,19470,324.825,,,PANDAFC “=: Vy 0 @ Jocarc— a - iv - .,45.36
3,20392,340.207,,,PANDAFC > y 0 @ socarc — - _ - ROSE,53.73
3,21314,355.589,,,panpaArc =; O40 & vocarc,26.2
3,22236,370.971,,,panpAFC = O40 & socarc,21.6
3,23158,386.353,,,"PANDAFC => Vy, 0 & JOGA FC",38.57
3,24080,401.735,,,,0.0
4,24384,406.806,,,ws sO i,5.0
4,25204,420.487,,,"PANDAFC :° 1 Vy, 0 % JOGA FC ee (Wi .X | a",28.08
4,26024,434.167,,,PANDAFC =: 1] Vy 0 @ JOGAFC,55.0
4,26844,447.847,,,PANDAFC > «1140 9 socare,16.8
4,27664,461.528,,,"an i i PANDAFC = Vy, Q ""7 JOGA FC",38.4
4,28484,475.208,,,"PANDAFC => Vy, 0 % JOGA FC F | Xv i a",35.08
4,29304,488.888,,,PANDAFC => ‘ y 0 @ Jocarc ee,46.0
4,30124,502.569,,,"PANDAFC =>] Vy, 0 & JOGA FC 4",42.62
4,30944,516.249,,,anpAFC > 6140 @ vocare,28.6
4,31764,529.929,,4-0,PANDAFC =] 4 0 @) JOGA FC,33.43
4,32584,543.61,,,PANDAFC =>] y 0 @9 JocAFc ; | i | is Go,45.92
4,33404,557.29,,7-0,PANDA FC ° >: AN 7 0 @c} JOGA FC we,46.27
4,34224,570.97,,,PANDAFC =] Vy 0 & JOGAFC,42.17
4,35044,584.651,,,PANDAFC <>] Vy 0 @ soca Fc,60.57
4,35864,598.331,,,PANDAFC =: N y 0 @ Jocarc | j en,53.0
4,36684,612.011,,,PANDA Fe > FCs: | ‘ y) 0 & JOGA FC,48.73
4,37504,625.692,,,— PANDAFC ==> J ¥ 0 JOGA a a) en a\ f-,27.92
4,38324,639.372,,,PANDAFC =] Vy 0 @ soca Fe pe ;  f “OORe tos ~* ~~,38.21
4,39144,653.052,,,PANDA FC °«: V7 0 & JOGA FC,48.0
4,39964,666.733,,1-1,PanpArc > «11°70 @ Jocarc,34.8
4,40784,680.413,,,PANDAFC = 2 Vy Q 7 JOGA FC re - ~ _ !,30.92
5,40872,681.881,,,,0.0
5,43020,717.717,,2-1,PANDAFC = 21°70 =) socare,43.4
5,45168,753.553,,27-0,PANDAFC-= 270 &9 JOGAFC:,29.25
5,47316,789.389,,,"PANDAFC =. 2 Vy 0 @ scare 7 he ~*~ ap ; nO,",33.38
5,49464,825.224,,,"PANDAFC =: 2 Vy, 0 @ JocAFC —",57.5
5,51612,861.06,,,—1 i. 1 PANDA FC «=: ANY 0 % JOGA FC tO - J,45.93
5,53760,896.896,,,ae ‘J (fina PANDAFC =: 2 i) 0 S JOGAFC x wih 5 . -,42.6
5,55908,932.732,,,: i; be Oe Oe eee PANDA FC «=: 1% 0 @ socarc,36.62
5,58056,968.568,,2-1,PANDAFC = 21°40 @ Josarc,56.2
5,60204,1004.403,,2-1,PANDAFC = 21°40 @ Jocarc |,48.5
5,62352,1040.239,,,,0.0
5,64500,1076.075,,2-1,PANDAFC- = 21°70 @ socarc,23.8
5,66648,1111.911,,,PANDA FC =. aN y) 0 @) soca rc nn oe a Ae J ee alll,31.69
5,68796,1147.747,,7-0,"PANDAFC-= 2\1""70 @ Jocarc",37.0
5,70944,1183.582,,,PANDA FC =: aN y 0 @ JocAFc ; FE 0. Zao,48.0
5,73092,1219.418,,2-7,PANDAFC = 2 7 0 @ soca FC ~/  oenen gemma We _ ~ — i — .,46.78
5,75240,1255.254,,2-1,PANDAFC > 21°40 9) Josarc,44.4
5,77388,1291.09,,,PANDA FC «=: 1% 0 % JOGA FC,45.38
5,79536,1326.926,,27-0,PANDAFC > 270 @ JOcArC,49.6
5,81684,1362.761,,,PANDAFC = 2 \ y) 0 @) JOGAFC _ NR Rn a ef,45.15
5,83832,1398.597,,,,0.0
6,83904,1399.798,,,up —,50.0
6,83952,1400.599,,,np a,20.5
7,84192,1404.603,,,y wo,33.5
7,84228,1405.204,,,y,54.0
8,84312,1406.605,,,a,29.0
8,84342,1407.106,,,|,34.0
8,84372,1407.606,,,,0.0
8,84402,1408.107,,,| f,54.0
8,84432,1408.607,,,| SF,60.5
8,84462,1409.108,,,,0.0
8,84492,1409.608,,,,0.0
8,84522,1410.109,,,,0.0
9,85656,1429.028,,,. . | ‘fie a J . a > 7 !,34.0
9,88683,1479.528,,,PANDAFC =: 2 Ww 0 @ Jocarc ox,49.0
9,91710,1530.029,,,PANDAFC > 2 Vy 0 @ JoGA FC Pec Soe _ <,51.58
9,94737,1580.529,,,"PANDA FC =: NG) 0 @ soca FC - _———"""" +. 371 :- B® ""= NS. Boa ,",44.89
9,97764,1631.029,,,PANDAFC => 2 ) 0 JOGA FC | 1 “as :,22.36
9,100791,1681.53,,,PANDA FC ° =: Ny 0 % JOGA FC,47.33
9,103818,1732.03,,7-0,PANDA FC = aN 7 0 @ socarc,61.25
9,106845,1782.531,,,PANDAFC > 2 y 0 @) JOGAFC ~~ [ae Toe C--,43.36
9,109872,1833.031,,,PANDAFC > 2 Vy 0 @ Jocarc J od ' i Vt,58.0
9,112899,1883.532,,,- PANDA FC» =. Aw 0 & JOGAFC,27.88
9,115926,1934.032,,,PANDA FC =. aN y 0 @ JOGAFC _ —— | io,53.33
9,118953,1984.533,,,"PANDA FC «= 2¥ i) 0 #9 Jocarc , . gt }-",31.17
9,121980,2035.033,,7-0,PANDAFC > 2 N 7 0 @ JOGAFC _ — a,54.36
9,125007,2085.533,,,PANDA FC = NG) 0 @) soca FC,58.38
9,128034,2136.034,,,"PANDAFC =: 2 N y 0 @ soca FC - hae A ZT COIN SJ ~2 ""ee, ies",53.78
9,131061,2186.534,,,"PANDA FC =: Ay, 0 @ soca Ng _",53.11
9,134088,2237.035,,,PANDA FC =: av y 0 @) soca Fc 2 ee CD U4 nade el,44.47
9,137115,2287.535,,,PANDA FC =: av i) 0 @ vocarc,54.62
9,140142,2338.036,,,PANDAFC =: 2? Vy 0 @= JOGA FC 7... lhe | I ~~ fi,35.43
9,143169,2388.536,,,PANDAFC =. 2 N y 0 @ JocAFC,50.62
9,146196,2439.037,,,"PANDAFC <3 WW 0 ""9 JOGA FC ~—sziedl § .f",25.5
10,146292,2440.638,,,oT,0.0
10,146322,2441.139,,,oT,23.0
10,146352,2441.639,,,,0.0
10,146382,2442.14,,,,0.0
10,146412,2442.64,,,,0.0
10,146442,2443.141,,,Clack . va ot . < ® Me Aa =~ a See a ee,31.07
10,146472,2443.641,,,"9 f Rial 3 .. . = ; whe "":",30.2
10,146502,2444.142,,,"s ~ih . oa iH, WOR. tae: - rs 3s ‘ we RS",21.85
11,146700,2447.445,,,"—_ . 7 i 5 , 7 EN - + 7 oe i 3” a r e ae 2 = . S oe ™ e : - eo: . - . + 2 . ~ _ 7 mo, ‘ . 7 . a ~ 7 Ca -_ . a",38.88
11,146742,2448.146,,,"AN oy _— —_ = - ° : - . a ‘ ~ . Los a Ps ~— 3 a” 2 a - a t- -_F . = ""oe 4 - : a. = — + _ - x ~ a: ton _ Cn a, Rr . os 7",31.22
11,146784,2448.846,,,"_ - . { ad . » mm - . s NX oon ~ ‘ aa a! ~ ' ’ a , . a — , _=M - . : &, , ="" _ 2 et 2 - , e-- rh . . . * ~~ . — -. ~_ * . - ‘ ~ ; 3B = . i : _ ¢ | a S",27.48
12,147444,2459.857,,,"PANDAFC => 3 Vy, 0 & JOGA FC a W?liek. | |",46.33
12,147793,2465.68,,,PANDAFC >: 3 \ 7 Q =) JOGAFC ee | Iivit | ~—s _ 2,47.6
12,148142,2471.502,,,PANDAFC + 3 / 0 & JOGA FC ~~ Ul ji,34.73
12,148491,2477.325,,3-0,anon FCs 3 0 @ soca Fe,49.71
12,148840,2483.147,,,PANDA FC «= - 3% 0 & JOGAFC,66.88
12,149189,2488.97,,0-2,'  PANDAFC => s¥ y) 0 2? JOGA a,37.33
12,149538,2494.792,,7-0,ee ee PANDAFC =: 3 \ 7 0 @ Jocarc | rT MA PMRUND OTN PNON FINA D Ree wt (<&$loC fl,36.18
12,149887,2500.615,,,— PANDAFC-=° 3 v 0 @) soca 1 Where :,31.4
12,150236,2506.437,,,"PANDA FC «=: 3% 0 "" JOGA FC",41.38
12,150585,2512.26,,,PANDAFC = 3 N y 0 @9 soca Fc | . pa J ami i... ?—,43.38
12,150934,2518.082,,7-0,PANDA FC ©: s¥ 7 0 @ soca rc 1] _ oo i l1\/ Lue,41.93
12,151283,2523.905,,7-0,PANDAFC = 3\°7 0 9 JOGAFC,65.5
12,151632,2529.727,,,PANDA FC ~ = Vy 0 @) socarc,47.0
12,151981,2535.55,,,,0.0
12,152330,2541.372,,,PANDAFC > 3‘ 0 & JoGAFC,28.17
12,152679,2547.195,,,PANDAFC =. 3 y 0 @ soca Fc an on NO ae ————,44.77
12,153028,2553.017,,7-0,PANDA FC =. aN 7 0 @ soca Fc a LLL,56.91
12,153377,2558.84,,0-9,PANDAFC = 3 Vy 0 9 JOGA FC ‘ —-,37.3
12,153726,2564.662,,,PANDAFC =. y 0 @) JOGAFC,48.17
12,154075,2570.485,,,"PANDAFC =: 4 Wy 0 "" JOGA ro 7 £@ oom - Te 7.",36.86
12,154424,2576.307,,,PANDAFC <> 4 Vy 0 % JOGA FC en IN | T-wU  ° FRA,38.86
13,154524,2577.975,,,Ee — — = a ~ a ~- 2. . _ ie I ry —,36.4
13,154554,2578.476,,,"0 — =e . ~ = ~, a 7",43.0
13,154584,2578.976,,,,0.0
13,154614,2579.477,,,,0.0
13,154644,2579.977,,,—— rt,20.0
13,154674,2580.478,,,eS i: t :,39.0
13,154704,2580.978,,,,0.0
13,154734,2581.479,,,= Set pa - .{ 1,52.67
13,154764,2581.979,,,"[2 . - - EQ soe : ' eo =, aw w x, ~ vv & . Te _> . .- ? - - 7 2s : . ~ . e* -_ , on ar _.",32.33
14,155640,2596.594,,,PANDAFC => 4 y 0 @ soca rc a WN | | peéOUO#7S373]73S;§;§;7«7ttéi‘iaaaee ae,39.21
14,155823,2599.647,,0-9,ee. PANDAFC => 4 ) 0 9 JOGA FC en IW | Ty!  ° By RQ,35.0
14,156006,2602.7,,,PANDAFC = 4 y 0 @ soca Fc ee LW. LE TT  — Cy Re,47.13
14,156189,2605.753,,,PANDAFC = 4 N y 0 @) JOGAFC a’ a ae ree,37.58
14,156372,2608.806,,,PANDAFC = 4 y 0 @ socarc So Ae 7 [.,54.27
14,156555,2611.859,,,PANDAFC = 4 ‘ y 0 @ soca FC - ] yt —_—,45.54
14,156738,2614.912,,,PANDAFC = 4140 #8) Josarc,48.0
14,156921,2617.965,,,~ PANDAFC => 4 W 0 @ soca FC — . A g g,47.64
14,157104,2621.018,,,"-PANDAFC «> aw 0 ""9 JOGAFC — SE wars = Be a Pe es",32.57
14,157287,2624.071,,,"PANDAFC° >: G N y Q =) OCA FC , . fp oY. —",32.29
14,157470,2627.124,,,PANDAFC > N i) q @-) JocAFC -,42.25
14,157653,2630.178,,4-1,PanpAFC = 41°70 9 JOGAFC’,37.8
14,157836,2633.231,,7-0,PANDAFC =: 4 ‘ 7 0 @) soca Fc,54.67
14,158019,2636.284,,,"PANDAFC:- «=: 4 Vy, 0 @) JOGA FC Rel be - sg fo. . ~ n dg",30.06
14,158202,2639.337,,,PANDAFC > Vy Q =) JOcA FC | ry ~~ ae ae,35.25
14,158385,2642.39,,4-0,PANDAFC =: 4 0 ‘a? JOGAFC : =~ 7 7%. - iF,36.58
14,158568,2645.443,,,PANDAFC = 4 y 0 #5) Jocarc — a we eee 7,56.42
14,158751,2648.496,,,PANDAFC => 5 yi 0 @ socarc,49.14
14,158934,2651.549,,,PANDA FC = aN y 0 @ JOGAFC _ Qe =e A 4 (“EEE,56.93
14,159117,2654.602,,,—= in — ~ -—,26.4
14,159300,2657.655,,,va _ ~ oad - N a - = . 5° = - a : - - e = & =. “J ; Io« » . . ; oy v - - . = —- - ~~ se * ~ - 7 s- Te -,39.36
15,159696,2664.262,,,es me ee,25.33
15,159726,2664.762,,,"Eo ~<, PT n ~ = ee +",33.25
15,159756,2665.263,,,"ek ey 7 . —— - 7 / <2, ‘ -- ie. -",34.54
15,159786,2665.763,,,"ed: EE . . —"" ~~ Pee |",23.12
15,159816,2666.264,,4-4,Set ee ee i . 7 ~ >. meee . a z . = —- ee . . os wa 44 era 4,36.35
15,159846,2666.764,,,ee et pee fm <_. = a —— B a : a,28.08
15,159876,2667.265,,,"aa ae (a 7 GS ep 1 ; os a 7, jae —N 3",24.93
15,159906,2667.765,,,2s ee,13.0
16,159948,2668.466,,,~ = okt 7 ; ~~ ae ee ~f ~,45.2
16,159980,2669.0,,,~— ~ fo = — 7 - - NG i oe ot —m- | 3 a,34.81
16,160012,2669.534,,,oe ~ a> ~ a ~ ee mA 3 . a. —r - z,42.93
16,160044,2670.067,,,Pe rns ae ‘ : ~* / ; i ; 3 SS ee OW —_ - 3 =,34.33
17,160080,2670.668,,,"ae } USO. ; = - F Sk =i -* a ‘ - ~ aay <= ; : hs, Sage — = — em iS ‘vy ll",28.15
17,160116,2671.269,,,= ~ i ad nad ms. a ~ . j a ad ‘ 7 ‘ - ~ - Pa <a . : = — = -- . ; ro : a Wig? =~,39.06
18,160272,2673.871,,,"ae - “ i a ~ tee 7 ° a x — , 7 ae __ : . rim",32.79
18,160431,2676.524,,,a | . . . o ie ae ee — ee : om aes . oN : - ; ar ANG | 4,31.48
18,160590,2679.177,,,"2, ~ ‘a — i ¢ an ° ; % ” nodes a"" [Pe ~ aad ; | ~ < a Gee - eee : | = ~. NX ' = : x: a",34.06
18,160749,2681.829,,,Hy b PANDAFC = 5 \~,60.17
18,160908,2684.482,,7-0,PANDA FC =: ay 7 0 @) soca Fc —  Y iwiy ae TT «Fr RA,45.06
18,161067,2687.134,,7-0,"PANDAFC => 5 N 7 0 @) soca FC a | ivf | - "" (2) RR",45.0
18,161226,2689.787,,7-0,"PANDAFC = 5 N 7 0 @ scare aa) iW | | pT "" pany wpe",46.44
18,161385,2692.44,,, PANDAFC => 5 \ y 0 @ soca FC,46.89
18,161544,2695.092,,7-2,"PANDAFC => 5 WW 0 ""9 JOGAFC - 7 2 Pa ~ 4...",45.0
18,161703,2697.745,,0-9,"PANDAFC = 5 Vy, 0 9 JOGA FC iii. '-! ae >» UP Aa £-",27.07
18,161862,2700.398,,,E BPANDA Fc c: 540 @ socare,35.29
18,162021,2703.05,,4-0,panparc = 5\%4 0 @9 socarc,37.0
18,162180,2705.703,,4-0,PANDAFC = 5 (“40 &) JocArc,43.17
18,162339,2708.356,,7-0,ANDAFC 5\°7 0 Ge) Jocarc,36.6
18,162498,2711.008,,7-0,PANDAFC = 5\° 70 @ socarc,31.0
18,162657,2713.661,,,LU) 0 % JOGA FC,31.6
18,162816,2716.314,,5-0,PANDA FC =: 5 0 % JOGAFC ~ o EE © ~=—6 ee 7,41.79
18,162975,2718.966,,,"PANDAFC => 5 Vy, 0 @ Jocarc ~ _ es 2 Ae id",36.69
18,163134,2721.619,,5-4,PANDA FC © =: 54 ey JOGAFC ~ Seo a UN ‘,42.0
18,163293,2724.272,,7-0,"PANDA FC - =: aN 7 0 @"" socarc — ee ee a rr z ‘",42.0
18,163452,2726.924,,6-7,PANDAFC >: 6 7 0 @* socarc — re ee . pea bd ‘,51.43
19,163728,2731.529,,,as,0.0
19,163852,2733.598,,,pS “ee . ay o mm = - 2 EP ge ~ re Z,22.5
19,163976,2735.666,,,. a,25.0
19,164100,2737.735,,1-3,Oa a eT 7“ “G-1-3 ee oe <_< rg a” es NN fii,25.69
19,164224,2739.804,,,i a / ~ Fed. 7 . : ° Pod = ——' . C—O,23.86
19,164348,2741.872,,,_ een ee o* { : - + — a 7 a ee J,32.93
19,164472,2743.941,,,ae rs,38.0
19,164596,2746.01,,,"i es = es "" en 7 “SS ow mee * wee § a ee rN vat",34.94
19,164720,2748.079,,,rE nn er _ ee . ~ «! et ee = 3 aT “tN ‘ aa of a ee ail rt,22.81
19,164844,2750.147,,,7 i ~  4*> = _ “sr. -. 7 u : 6 - — . _ —_- gf,32.83
19,164968,2752.216,,7-0,PANDA FC ° >: aN 7 0 f=} Jocarc — tly ON a |,45.29
19,165092,2754.285,,,PANDA FC aN i) 0 @ JOGA FC,48.62
19,165216,2756.354,,,"PANDAFC = 6 Vy, 0 JOGA FC as aa /, wy En ip-n | ca",33.8
19,165340,2758.422,,,"PANDA FC © aN y 0 @) socarc er . mweisoso, va ee od Fs. d",44.62
19,165464,2760.491,,,"PANDAFC::: 6 Vy, 0 = JOGAFC es | . iwi 5 a pe",51.31
19,165588,2762.56,,,"PANDAFC =. 6 Vy, 0 =) JOGA FC er ean. -y © ree;",32.46
19,165712,2764.629,,,PANDAFC >: 6 ‘ 7 Q #) JOGAFC — rWeid . ~~. TxXn,37.69
19,165836,2766.697,,,PANDA FC =: Vy) 0 % JOGAFC - | ee ' nr Pens,44.92
19,165960,2768.766,,,"PANDA FC «= aN 70 3 sooare nn | , o4 ef",32.42
19,166084,2770.835,,,PANDAFC > 6 y 0 @ JocArc | on | \ | ' ee | i,56.06
19,166208,2772.903,,,,0.0
20,166284,2774.171,,,ee ~ | |,43.25
20,166485,2777.525,,,ss,34.0
20,166686,2780.878,,,YY | .,24.33
20,166887,2784.231,,,ae > Maroy lele,22.25
20,167088,2787.585,,,a A= aHUub,22.67
20,167289,2790.938,,,,0.0
20,167490,2794.292,,,,0.0
20,167691,2797.645,,,,0.0
20,167892,2800.998,,,® == 4 @,35.0
20,168093,2804.352,,,pin,23.0
20,168294,2807.705,,,,0.0
20,168495,2811.058,,,,0.0
20,168696,2814.412,,,,0.0
20,168897,2817.765,,,,0.0
20,169098,2821.118,,,} go eHuk,12.67
20,169299,2824.472,,,pyerup,1.0
20,169500,2827.825,,,Pye,0.0
20,169701,2831.178,,,,0.0
20,169902,2834.532,,,,0.0
20,170103,2837.885,,,> ~S,4.5
20,170304,2841.238,,,«Hub,26.0
