track_id,frames_tracked,first_frame,last_frame,duration_seconds,distance_pixels,average_speed_pixels_per_second,average_confidence
1472,92,1952,2062,4.58,2862.18,624.48,0.852
689,127,1250,1376,5.25,2524.31,480.82,0.827
1598,130,2006,2164,6.58,2455.49,372.99,0.667
1519,104,1972,2076,4.33,2366.46,546.11,0.737
1582,83,2000,2082,3.42,2352.82,688.63,0.819
1128,61,1509,1570,2.54,2141.8,842.68,0.885
664,116,1229,1349,5.0,2062.86,412.57,0.735
345,75,798,890,3.83,2060.11,537.42,0.89
172,79,605,691,3.58,2035.39,568.01,0.801
867,79,1369,1471,4.25,2022.6,475.91,0.72
2339,98,2783,2885,4.25,2008.42,472.57,0.81
1963,75,2380,2458,3.25,2003.88,616.58,0.816
3268,202,4276,4477,8.38,1998.79,238.66,0.82
1468,50,1950,1999,2.04,1968.8,964.31,0.86
2893,174,3618,3813,8.12,1923.66,236.76,0.8
2892,200,3616,3817,8.38,1902.39,227.15,0.74
230,73,681,753,3.0,1830.32,610.11,0.878
189,70,630,707,3.21,1822.55,568.07,0.767
504,99,1003,1106,4.29,1761.26,410.39,0.826
146,67,593,708,4.79,1756.03,366.48,0.787
1130,60,1509,1568,2.46,1728.74,703.22,0.908
895,124,1384,1507,5.12,1685.27,328.83,0.845
346,60,798,863,2.71,1625.73,600.27,0.881
1499,27,1964,2000,1.5,1620.44,1080.29,0.822
510,68,1004,1071,2.79,1616.31,578.98,0.822
1614,27,2034,2082,2.0,1614.01,807.0,0.821
1494,40,1963,2002,1.62,1595.08,981.59,0.737
1229,47,1596,1642,1.92,1592.55,830.9,0.884
2811,112,3553,3664,4.62,1578.72,341.35,0.748
766,61,1309,1370,2.54,1564.09,615.38,0.825
2855,96,3599,3705,4.42,1552.92,351.61,0.638
2027,50,2396,2460,2.67,1528.36,573.13,0.781
2810,116,3553,3668,4.79,1527.36,318.75,0.777
2815,83,3553,3640,3.62,1496.46,412.82,0.646
150,79,593,679,3.58,1446.02,403.54,0.699
1189,16,1545,1586,1.71,1428.02,835.92,0.786
2911,177,3641,3817,7.33,1426.53,194.53,0.729
2734,79,3443,3529,3.58,1395.58,389.46,0.579
1945,38,2374,2412,1.58,1388.74,877.1,0.874
1596,71,2005,2076,2.96,1383.83,467.77,0.608
910,47,1396,1493,4.04,1380.93,341.67,0.679
822,51,1344,1394,2.08,1370.74,657.96,0.852
2699,109,3352,3462,4.58,1369.01,298.69,0.683
2360,47,2823,2869,1.92,1341.81,700.07,0.896
3275,153,4276,4452,7.33,1310.26,178.67,0.624
1475,43,1953,1995,1.75,1277.7,730.11,0.872
3311,204,4319,4522,8.46,1275.12,150.75,0.764
148,58,593,683,3.75,1260.63,336.17,0.699
1504,34,1965,1999,1.42,1254.03,885.2,0.564
832,43,1347,1389,1.75,1247.12,712.64,0.882
3003,77,3819,3948,5.38,1243.47,231.34,0.912
3105,28,4039,4066,1.12,1242.25,1104.23,0.813
861,82,1359,1446,3.62,1234.85,340.65,0.788
3113,26,4045,4070,1.04,1220.7,1171.87,0.603
757,45,1302,1346,1.83,1220.57,665.77,0.837
1893,25,2350,2374,1.0,1220.22,1220.22,0.707
3110,29,4043,4071,1.17,1211.33,1038.28,0.816
3114,22,4045,4069,1.0,1202.49,1202.49,0.536
68,26,397,422,1.04,1202.19,1154.1,0.775
2697,106,3352,3457,4.38,1199.43,274.16,0.839
1922,22,2367,2392,1.04,1193.31,1145.58,0.649
1483,28,1958,1985,1.12,1192.24,1059.77,0.789
1870,36,2336,2374,1.58,1181.5,746.21,0.838
3119,30,4052,4081,1.21,1181.46,977.76,0.736
1539,71,1984,2054,2.92,1181.39,405.05,0.695
2747,33,3449,3481,1.33,1178.82,884.11,0.73
922,28,1413,1478,2.71,1172.48,432.91,0.421
2741,30,3447,3478,1.29,1171.98,907.34,0.534
84,119,410,528,4.92,1171.9,238.35,0.739
1462,22,1947,1968,0.88,1171.52,1338.88,0.811
3111,20,4043,4067,1.0,1153.09,1153.09,0.461
2364,63,2831,2922,3.79,1149.95,303.28,0.828
1899,17,2354,2370,0.67,1148.9,1723.35,0.869
1522,39,1974,2013,1.62,1146.98,705.83,0.583
2737,29,3446,3474,1.17,1137.46,974.97,0.696
2727,25,3439,3463,1.0,1130.14,1130.14,0.719
2732,26,3442,3467,1.04,1129.55,1084.37,0.671
3404,166,4467,4661,8.08,1112.85,137.67,0.581
2504,52,3075,3142,2.79,1106.57,396.38,0.552
3080,47,4020,4066,1.92,1104.99,576.52,0.728
2410,41,2907,2956,2.04,1100.24,538.89,0.674
2465,32,3010,3042,1.33,1085.97,814.48,0.847
774,34,1317,1350,1.38,1075.82,782.41,0.815
3321,104,4335,4441,4.42,1068.88,242.01,0.764
694,43,1253,1334,3.38,1060.29,314.16,0.565
999,17,1454,1497,1.79,1059.06,591.1,0.676
2740,25,3447,3478,1.29,1057.19,818.47,0.522
3522,41,4704,4744,1.67,1056.54,633.92,0.853
2818,45,3553,3621,2.83,1055.63,372.58,0.53
769,35,1310,1344,1.42,1054.95,744.67,0.819
347,41,798,838,1.67,1048.69,629.21,0.796
2445,79,2974,3053,3.29,1047.23,318.14,0.858
3376,105,4420,4524,4.33,1045.52,241.27,0.78
917,48,1400,1471,2.96,1043.94,352.88,0.578
882,70,1376,1446,2.92,1038.66,356.11,0.856
152,74,593,671,3.25,1032.48,317.69,0.805
1467,20,1950,1969,0.79,1032.21,1303.84,0.691
505,20,1003,1026,0.96,1029.59,1074.35,0.798
91,173,418,606,7.83,1023.19,130.62,0.752
1470,13,1951,1969,0.75,1020.98,1361.31,0.422
21,184,229,412,7.62,1017.29,133.41,0.784
1950,25,2376,2400,1.0,1002.09,1002.09,0.576
1924,26,2367,2395,1.17,993.47,851.54,0.86
1864,21,2335,2368,1.38,990.21,720.16,0.657
2713,78,3377,3454,3.21,990.18,308.63,0.705
1567,46,1996,2044,2.0,989.38,494.69,0.819
1563,58,1993,2050,2.38,983.09,413.93,0.777
3377,119,4423,4544,5.04,978.14,194.01,0.717
35,45,344,413,2.88,976.33,339.59,0.703
1501,29,1964,1994,1.25,976.21,780.97,0.523
1461,21,1946,1966,0.83,975.41,1170.49,0.7
2506,103,3078,3180,4.25,974.75,229.35,0.863
2438,69,2969,3045,3.17,974.54,307.75,0.846
1972,46,2380,2436,2.33,970.51,415.93,0.792
772,35,1312,1346,1.42,969.94,684.66,0.713
192,41,635,675,1.67,967.41,580.44,0.82
1879,28,2340,2368,1.17,965.33,827.43,0.791
2754,79,3451,3529,3.25,964.05,296.63,0.757
3095,38,4024,4061,1.54,954.89,619.39,0.71
369,24,840,867,1.12,948.28,842.91,0.739
2131,15,2422,2444,0.92,947.17,1033.28,0.75
63,24,392,415,0.96,944.08,985.13,0.6
662,70,1229,1302,3.04,940.3,309.14,0.771
2120,15,2420,2440,0.83,935.25,1122.3,0.737
1127,13,1509,1521,0.5,932.66,1865.32,0.88
2817,60,3553,3612,2.46,930.29,378.42,0.632
61,23,391,413,0.92,929.31,1013.8,0.578
1230,32,1596,1631,1.46,927.15,635.76,0.723
3087,40,4020,4059,1.62,914.0,562.46,0.721
3434,153,4550,4702,6.33,909.51,143.61,0.821
2335,44,2778,2821,1.79,901.53,503.18,0.828
2707,96,3355,3450,3.96,899.61,227.27,0.72
2838,45,3575,3620,1.88,881.13,469.94,0.657
1704,12,2071,2082,0.46,879.97,1919.93,0.827
3084,39,4020,4058,1.58,879.94,555.75,0.608
3557,29,4733,4779,1.92,879.85,459.05,0.787
1649,22,2055,2076,0.88,877.69,1003.07,0.851
364,39,828,867,1.62,864.85,532.21,0.78
1418,49,1878,1926,2.0,862.43,431.21,0.887
3447,133,4570,4702,5.5,860.38,156.43,0.68
3361,47,4400,4446,1.92,855.39,446.29,0.548
3279,154,4276,4429,6.38,846.92,132.85,0.671
2036,14,2400,2428,1.17,844.77,724.09,0.661
3365,23,4403,4441,1.58,844.4,533.3,0.357
3270,158,4276,4433,6.54,834.38,127.55,0.689
2760,18,3452,3476,1.0,829.99,829.99,0.429
949,31,1433,1465,1.33,825.05,618.79,0.825
1860,30,2335,2364,1.21,824.83,682.62,0.835
3370,30,4415,4444,1.21,816.51,675.73,0.63
3314,104,4320,4432,4.67,815.91,174.84,0.564
3363,34,4401,4437,1.5,815.14,543.43,0.597
2812,57,3553,3609,2.33,804.72,344.88,0.702
1430,26,1918,1960,1.75,804.44,459.68,0.796
3335,38,4365,4436,2.96,794.49,268.56,0.467
3121,17,4054,4070,0.67,793.58,1190.37,0.662
2876,43,3608,3657,2.04,785.37,384.67,0.425
1743,113,2084,2196,4.67,783.58,167.91,0.833
2769,88,3464,3551,3.62,778.3,214.7,0.797
159,29,598,628,1.25,777.09,621.67,0.781
1884,10,2342,2363,0.88,773.53,884.04,0.602
3439,143,4556,4702,6.08,767.06,126.09,0.793
974,60,1448,1507,2.46,759.88,309.1,0.813
3284,112,4277,4389,4.67,755.81,161.96,0.732
164,50,601,665,2.67,754.73,283.02,0.755
2331,33,2777,2809,1.33,748.46,561.34,0.788
2953,121,3695,3817,5.08,746.4,146.83,0.665
1787,88,2198,2296,4.08,745.86,182.66,0.728
215,25,655,687,1.33,745.65,559.24,0.604
2821,57,3555,3618,2.62,742.92,283.02,0.571
1752,113,2084,2196,4.67,736.33,157.78,0.754
743,26,1291,1316,1.04,734.84,705.44,0.847
944,29,1447,1492,1.88,734.33,391.64,0.704
898,57,1388,1444,2.33,732.19,313.8,0.868
1275,106,1644,1749,4.38,726.22,165.99,0.623
407,15,870,897,1.12,724.71,644.18,0.85
3411,179,4524,4702,7.42,720.57,97.16,0.749
3414,179,4524,4702,7.42,720.21,97.11,0.641
371,29,845,873,1.17,716.3,613.97,0.853
149,55,593,657,2.67,703.88,263.95,0.717
214,22,655,677,0.92,700.2,763.85,0.754
1745,113,2084,2196,4.67,695.91,149.12,0.766
3271,63,4276,4356,3.33,693.49,208.05,0.704
3082,37,4020,4056,1.5,691.96,461.31,0.753
3424,83,4535,4625,3.75,682.84,182.09,0.682
1789,37,2227,2265,1.58,681.21,430.24,0.829
3452,41,4579,4639,2.5,679.55,271.82,0.394
3081,36,4020,4055,1.46,679.26,465.78,0.666
2439,29,2969,2997,1.17,678.73,581.77,0.796
2662,107,3303,3441,5.75,676.37,117.63,0.742
2813,53,3553,3605,2.17,671.03,309.71,0.609
1577,34,1999,2032,1.38,653.74,475.45,0.832
2767,68,3462,3529,2.79,637.4,228.32,0.825
3474,97,4606,4702,4.0,636.83,159.21,0.649
3540,46,4712,4757,1.88,636.53,339.48,0.857
39,60,344,404,2.5,619.03,247.61,0.707
2890,33,3615,3647,1.33,612.26,459.2,0.681
1877,11,2339,2372,1.38,601.31,437.31,0.689
1749,113,2084,2196,4.67,601.25,128.84,0.673
1746,93,2084,2176,3.83,596.53,155.62,0.738
2814,45,3553,3597,1.83,594.4,324.22,0.626
1451,12,1944,1955,0.46,587.49,1281.79,0.788
438,103,899,1001,4.25,584.67,137.57,0.697
3383,87,4436,4522,3.58,577.11,161.05,0.753
2534,95,3217,3311,3.92,576.5,147.19,0.799
3085,34,4020,4053,1.38,574.98,418.17,0.754
2896,67,3619,3685,2.75,566.48,205.99,0.773
1827,36,2275,2321,1.92,563.43,293.96,0.44
1756,113,2084,2196,4.67,562.8,120.6,0.669
36,62,344,405,2.54,559.71,220.22,0.772
52,23,380,407,1.12,559.53,497.36,0.454
1863,19,2335,2365,1.25,557.93,446.35,0.77
1883,20,2342,2361,0.79,554.02,699.81,0.677
2901,66,3623,3688,2.71,551.55,203.65,0.65
3012,21,3874,3894,0.83,546.02,655.22,0.755
1269,61,1644,1708,2.67,545.83,204.69,0.5
2768,16,3463,3490,1.12,544.52,484.01,0.459
1748,112,2084,2196,4.67,544.19,116.61,0.645
811,12,1338,1349,0.46,541.78,1182.07,0.547
3537,34,4710,4759,2.04,537.62,263.32,0.806
1085,24,1484,1507,0.96,534.39,557.62,0.68
2756,15,3451,3465,0.58,533.24,914.12,0.568
1306,24,1710,1749,1.62,532.63,327.77,0.413
3437,56,4552,4614,2.58,526.44,203.78,0.572
2823,51,3555,3605,2.08,521.37,250.26,0.755
262,34,720,753,1.38,520.96,378.88,0.866
3412,90,4524,4614,3.75,518.41,138.24,0.637
981,18,1448,1465,0.71,516.54,729.23,0.745
995,19,1452,1470,0.75,514.3,685.74,0.555
1903,14,2355,2368,0.54,512.74,946.6,0.766
350,12,805,822,0.71,512.18,723.08,0.808
1755,104,2084,2196,4.67,510.8,109.46,0.517
1216,11,1580,1590,0.42,504.86,1211.66,0.841
3460,113,4590,4702,4.67,504.01,108.0,0.759
976,23,1448,1470,0.92,499.78,545.21,0.821
1346,50,1751,1800,2.04,499.53,244.67,0.908
41,61,344,404,2.5,496.94,198.78,0.676
2970,94,3723,3817,3.92,495.6,126.54,0.712
3090,31,4020,4050,1.25,493.94,395.15,0.756
1744,113,2084,2196,4.67,491.12,105.24,0.742
2538,122,3217,3340,5.12,490.67,95.74,0.707
3516,32,4704,4735,1.29,488.65,378.31,0.854
437,103,899,1001,4.25,487.53,114.71,0.683
1747,113,2084,2196,4.67,486.77,104.31,0.678
879,28,1375,1403,1.17,486.53,417.03,0.745
2822,47,3555,3601,1.92,486.28,253.71,0.643
2832,32,3569,3604,1.46,470.67,322.75,0.56
1350,46,1751,1800,2.04,467.43,228.95,0.601
1750,113,2084,2196,4.67,462.47,99.1,0.619
3351,43,4386,4428,1.75,462.47,264.27,0.556
443,103,899,1001,4.25,455.62,107.21,0.752
978,19,1448,1466,0.75,455.06,606.75,0.643
1754,113,2084,2196,4.67,453.05,97.08,0.563
1770,63,2113,2192,3.29,450.5,136.86,0.482
2618,81,3267,3357,3.75,449.32,119.82,0.746
1051,14,1473,1486,0.54,447.48,826.11,0.761
984,19,1448,1466,0.75,447.28,596.37,0.554
2385,36,2851,2889,1.58,446.49,281.99,0.74
98,157,425,581,6.5,444.52,68.39,0.743
2051,13,2406,2418,0.5,444.15,888.3,0.636
2624,76,3273,3365,3.83,439.84,114.74,0.754
1587,31,2001,2031,1.25,439.52,351.62,0.667
2205,132,2462,2593,5.46,435.26,79.74,0.77
3177,16,4193,4208,0.62,433.73,693.97,0.658
3449,52,4573,4630,2.38,431.92,181.86,0.536
2537,123,3217,3340,5.12,429.74,83.85,0.682
2981,56,3747,3802,2.29,427.64,186.61,0.72
3150,16,4166,4182,0.67,426.73,640.1,0.719
1420,34,1881,1916,1.46,425.36,291.68,0.755
3475,97,4606,4702,4.0,424.89,106.22,0.666
1054,12,1473,1484,0.46,422.87,922.63,0.748
564,30,1077,1106,1.21,422.78,349.88,0.789
3476,73,4606,4702,4.0,419.03,104.76,0.617
1347,50,1751,1800,2.04,418.72,205.09,0.7
2177,13,2446,2458,0.5,416.84,833.69,0.69
678,36,1234,1271,1.54,414.59,268.92,0.682
188,26,624,655,1.29,413.49,320.12,0.754
700,32,1259,1290,1.29,412.77,319.56,0.781
2212,129,2462,2593,5.46,410.72,75.25,0.662
3214,16,4211,4240,1.21,402.09,332.77,0.354
2396,23,2868,2892,1.0,397.7,397.7,0.691
3272,102,4276,4381,4.38,396.43,90.61,0.643
2194,133,2461,2593,5.5,395.65,71.94,0.722
2567,115,3226,3340,4.75,393.78,82.9,0.733
441,52,899,950,2.12,392.81,184.85,0.624
1658,19,2058,2076,0.75,391.94,522.58,0.866
2879,16,3608,3623,0.62,390.71,625.14,0.573
1356,26,1762,1800,1.58,384.79,243.03,0.378
1312,35,1715,1749,1.42,384.41,271.35,0.769
738,29,1289,1336,1.96,383.08,195.61,0.542
3011,16,3874,3889,0.62,382.16,611.46,0.852
2544,88,3217,3307,3.75,382.06,101.88,0.697
3171,17,4192,4209,0.71,379.36,535.56,0.671
2210,113,2462,2593,5.46,379.06,69.45,0.649
2214,132,2462,2593,5.46,373.08,68.35,0.601
97,157,424,581,6.54,371.16,56.74,0.619
1859,16,2335,2350,0.62,370.89,593.42,0.873
2573,82,3229,3314,3.54,368.69,104.1,0.571
2824,42,3559,3600,1.71,367.14,214.91,0.68
155,22,595,628,1.38,366.78,266.75,0.568
3379,21,4431,4452,0.88,366.6,418.97,0.513
2559,115,3222,3340,4.92,365.05,74.25,0.606
2204,132,2462,2593,5.46,363.16,66.53,0.75
997,11,1452,1465,0.54,362.17,668.62,0.467
2207,125,2462,2591,5.38,362.15,67.38,0.742
3482,87,4613,4702,3.71,361.94,97.6,0.549
1348,47,1751,1798,1.96,360.27,183.97,0.668
3128,48,4078,4129,2.12,358.45,168.68,0.592
1271,51,1644,1708,2.67,355.52,133.32,0.472
3282,145,4276,4420,6.0,352.97,58.83,0.672
3088,28,4020,4047,1.12,352.8,313.6,0.668
2208,132,2462,2593,5.46,349.11,63.96,0.729
2375,19,2843,2861,0.75,348.9,465.19,0.72
1823,59,2274,2333,2.46,347.08,141.19,0.577
3539,68,4712,4779,2.79,346.37,124.07,0.898
2819,23,3553,3591,1.58,345.64,218.3,0.43
2766,15,3460,3474,0.58,344.91,591.28,0.606
434,103,899,1001,4.25,341.08,80.25,0.69
2298,19,2694,2712,0.75,340.71,454.29,0.844
2213,121,2462,2592,5.42,339.66,62.71,0.687
3169,18,4192,4209,0.71,338.98,478.57,0.831
1131,23,1509,1531,0.92,336.58,367.18,0.797
3588,18,4762,4779,0.71,333.24,470.46,0.841
1314,13,1716,1730,0.58,330.25,566.15,0.394
1757,44,2086,2141,2.29,328.07,143.16,0.413
1058,13,1473,1486,0.54,323.74,597.68,0.639
3562,39,4738,4779,1.71,321.51,188.2,0.863
2206,132,2462,2593,5.46,320.73,58.76,0.775
2583,95,3234,3340,4.42,319.86,72.42,0.592
1227,11,1594,1628,1.42,319.3,225.39,0.711
1657,14,2058,2071,0.54,318.94,588.81,0.888
435,51,899,953,2.25,318.32,141.47,0.73
436,103,899,1001,4.25,317.26,74.65,0.734
2536,70,3217,3287,2.92,315.91,108.31,0.615
3544,11,4717,4727,0.42,315.84,758.02,0.534
899,17,1388,1405,0.71,315.28,445.11,0.552
2710,50,3365,3414,2.04,314.91,154.24,0.725
3498,66,4638,4704,2.75,313.01,113.82,0.703
1806,55,2267,2321,2.25,309.8,137.69,0.583
3086,29,4020,4048,1.17,306.89,263.05,0.702
3520,10,4704,4720,0.67,304.35,456.53,0.576
1352,42,1752,1795,1.79,303.37,169.32,0.534
3572,31,4744,4779,1.46,302.72,207.58,0.799
3280,68,4276,4360,3.5,299.97,85.71,0.594
2415,33,2924,2956,1.33,295.8,221.85,0.768
1283,35,1650,1708,2.42,295.62,122.33,0.371
2701,81,3352,3439,3.62,295.43,81.5,0.458
202,19,645,663,0.75,288.3,384.4,0.723
3248,33,4242,4274,1.33,285.08,213.81,0.86
1592,33,2003,2035,1.33,284.64,213.48,0.843
3410,27,4524,4550,1.08,282.23,260.52,0.79
3175,18,4192,4209,0.71,279.12,394.05,0.65
95,39,421,460,1.62,278.63,171.47,0.551
1349,34,1751,1795,1.83,278.37,151.84,0.439
1281,16,1647,1666,0.79,276.33,349.04,0.385
3583,19,4758,4776,0.75,274.11,365.48,0.685
2211,81,2462,2542,3.33,273.2,81.96,0.623
1146,10,1512,1530,0.75,264.21,352.28,0.705
3083,27,4020,4046,1.08,259.18,239.24,0.756
914,36,1399,1434,1.46,258.76,177.43,0.552
756,11,1301,1342,1.71,249.84,146.25,0.413
983,11,1448,1458,0.42,249.23,598.15,0.429
2666,40,3311,3350,1.62,247.79,152.49,0.803
3208,28,4211,4238,1.12,247.36,219.87,0.487
2248,45,2538,2593,2.29,243.77,106.37,0.494
2934,10,3683,3692,0.38,240.34,640.9,0.632
2436,18,2969,2986,0.71,240.18,339.08,0.768
1809,44,2267,2333,2.75,240.01,87.28,0.435
2809,26,3553,3578,1.04,232.99,223.67,0.791
162,18,600,618,0.75,232.77,310.36,0.777
1664,13,2060,2072,0.5,230.84,461.67,0.823
1804,38,2267,2320,2.21,227.08,102.83,0.499
3400,60,4458,4522,2.67,223.53,83.82,0.727
950,14,1433,1446,0.54,222.15,410.12,0.774
282,42,755,796,1.71,221.05,129.39,0.823
1753,51,2084,2134,2.08,218.69,104.97,0.747
3075,34,3985,4018,1.38,217.79,158.39,0.746
2886,22,3612,3633,0.88,217.22,248.25,0.724
147,21,593,615,0.92,216.37,236.04,0.756
3172,18,4192,4209,0.71,215.53,304.27,0.707
3488,85,4618,4702,3.5,215.28,61.51,0.671
3278,111,4276,4403,5.29,213.08,40.27,0.638
3277,36,4276,4311,1.46,209.88,143.92,0.613
116,22,560,581,0.88,208.73,238.55,0.762
43,39,344,399,2.29,207.88,90.71,0.384
3183,16,4194,4209,0.62,206.13,329.82,0.732
248,43,754,796,1.75,205.96,117.69,0.761
252,10,702,711,0.38,203.99,543.96,0.652
454,87,914,1001,3.62,203.48,56.13,0.717
456,65,918,985,2.79,203.16,72.77,0.592
2986,53,3763,3817,2.25,201.89,89.73,0.79
3505,27,4657,4696,1.62,197.85,121.76,0.473
3068,43,3976,4018,1.75,194.57,111.18,0.809
3174,18,4192,4209,0.71,194.04,273.93,0.626
284,42,755,796,1.71,193.43,113.23,0.758
915,13,1399,1419,0.83,193.36,232.04,0.551
733,26,1282,1307,1.04,192.23,184.54,0.883
927,27,1418,1446,1.17,191.56,164.2,0.818
2783,43,3477,3525,2.0,189.76,94.88,0.723
1429,10,1914,1926,0.5,189.72,379.44,0.659
1327,14,1736,1749,0.54,188.47,347.94,0.847
2237,91,2497,2588,3.79,188.1,49.61,0.71
37,54,344,397,2.21,187.04,84.7,0.738
1802,55,2267,2321,2.25,186.72,82.99,0.624
2653,46,3293,3340,1.96,184.78,94.36,0.684
3204,30,4211,4240,1.21,182.12,150.72,0.559
647,24,1198,1248,2.08,178.66,85.76,0.711
367,12,837,850,0.54,178.11,328.82,0.709
1813,17,2267,2333,2.75,175.81,63.93,0.723
3101,10,4037,4046,0.38,173.08,461.55,0.729
1807,45,2267,2321,2.25,173.06,76.92,0.526
281,42,755,796,1.71,169.35,99.13,0.822
1805,55,2267,2321,2.25,167.08,74.26,0.625
440,55,899,964,2.71,166.53,61.49,0.631
3483,13,4614,4626,0.5,164.97,329.94,0.43
357,10,814,823,0.38,162.1,432.27,0.885
3173,12,4192,4203,0.46,160.59,350.37,0.519
34,54,344,397,2.21,158.93,71.97,0.787
3286,130,4283,4412,5.38,158.69,29.52,0.652
3283,35,4276,4318,1.75,154.58,88.33,0.539
2925,10,3663,3672,0.38,153.33,408.89,0.521
288,25,756,785,1.21,153.03,126.65,0.579
1274,65,1644,1708,2.67,152.75,57.28,0.608
1251,12,1631,1642,0.46,152.5,332.72,0.899
1605,13,2013,2025,0.5,152.02,304.04,0.597
3205,30,4211,4240,1.21,150.37,124.44,0.565
102,115,463,581,4.92,149.49,30.41,0.656
452,35,909,977,2.83,147.84,52.18,0.398
3186,15,4195,4209,0.58,147.09,252.16,0.598
2253,25,2559,2593,1.42,146.93,103.71,0.408
3281,82,4276,4357,3.38,143.49,42.51,0.615
111,31,551,581,1.25,142.55,114.04,0.789
652,28,1200,1227,1.12,140.92,125.26,0.833
3250,33,4242,4274,1.33,140.86,105.64,0.885
697,22,1257,1278,0.88,139.87,159.85,0.814
2648,53,3288,3340,2.17,139.33,64.31,0.56
1837,21,2287,2321,1.42,138.01,97.42,0.435
3216,21,4213,4240,1.12,133.37,118.56,0.458
1280,57,1645,1708,2.62,130.61,49.76,0.489
1808,50,2267,2321,2.25,129.66,57.63,0.422
1282,53,1647,1708,2.54,127.57,50.19,0.451
3492,78,4625,4702,3.21,125.9,39.24,0.67
439,19,899,950,2.12,125.03,58.84,0.525
1615,10,2034,2052,0.75,124.43,165.91,0.365
3209,14,4211,4224,0.54,124.01,228.94,0.404
3595,10,4770,4779,0.38,123.75,330.01,0.788
2705,78,3354,3436,3.42,123.66,36.19,0.368
3420,15,4528,4542,0.58,121.78,208.77,0.593
2267,12,2582,2593,0.46,121.08,264.19,0.575
375,13,850,862,0.5,120.96,241.93,0.817
1272,48,1644,1705,2.54,120.3,47.33,0.385
2263,12,2581,2592,0.46,119.54,260.81,0.518
1354,31,1758,1788,1.25,118.03,94.42,0.484
3336,25,4367,4391,1.0,115.97,115.97,0.536
2668,18,3323,3340,0.71,114.94,162.27,0.657
330,12,785,796,0.46,112.94,246.42,0.523
3185,15,4195,4209,0.58,112.21,192.37,0.641
3316,30,4325,4354,1.21,110.37,91.34,0.698
1278,49,1644,1708,2.67,109.36,41.01,0.384
468,60,942,1001,2.46,109.29,44.46,0.652
313,11,769,795,1.08,109.1,100.71,0.49
2704,70,3352,3436,3.5,107.74,30.78,0.399
2498,14,3055,3068,0.54,106.28,196.21,0.811
1803,55,2267,2321,2.25,105.73,46.99,0.621
2247,60,2525,2584,2.46,104.47,42.5,0.74
2789,21,3486,3506,0.83,104.07,124.88,0.635
3211,30,4211,4240,1.21,103.44,85.6,0.431
1284,50,1659,1708,2.04,102.85,50.37,0.451
1529,12,1979,1990,0.46,101.73,221.95,0.612
3072,40,3979,4018,1.62,100.05,61.57,0.661
1751,30,2084,2113,1.21,99.24,82.13,0.578
2518,17,3164,3180,0.67,94.97,142.45,0.645
3210,25,4211,4239,1.17,94.17,80.72,0.459
48,35,351,385,1.42,93.11,65.72,0.755
31,29,237,295,2.42,92.98,38.47,0.373
656,27,1201,1227,1.08,92.51,85.4,0.756
651,28,1200,1227,1.12,92.47,82.19,0.82
2794,32,3498,3529,1.29,91.03,70.47,0.65
1849,11,2323,2333,0.42,90.65,217.55,0.787
3203,30,4211,4240,1.21,88.91,73.58,0.834
3274,40,4276,4316,1.67,88.32,52.99,0.623
3206,30,4211,4240,1.21,88.23,73.02,0.543
2540,10,3217,3227,0.42,88.06,211.33,0.593
476,40,958,997,1.62,86.45,53.2,0.576
2209,38,2462,2499,1.54,85.45,55.43,0.602
2417,24,2924,2956,1.33,84.44,63.33,0.484
1840,17,2296,2320,1.0,84.38,84.38,0.332
717,12,1267,1278,0.46,83.94,183.13,0.703
646,30,1198,1227,1.21,83.81,69.36,0.751
479,27,963,989,1.08,83.77,77.33,0.616
2557,16,3221,3236,0.62,83.62,133.79,0.531
571,15,1108,1122,0.58,82.66,141.7,0.875
2563,10,3225,3235,0.42,82.21,197.31,0.557
3421,35,4528,4562,1.42,82.15,57.99,0.729
653,28,1200,1227,1.12,81.61,72.54,0.781
3269,49,4276,4324,2.0,80.45,40.22,0.735
3132,36,4128,4164,1.5,79.7,53.13,0.748
2716,43,3387,3435,2.0,79.0,39.5,0.374
3191,11,4198,4209,0.46,78.87,172.08,0.356
3263,12,4256,4267,0.46,76.67,167.28,0.785
3356,12,4392,4403,0.46,76.54,167.0,0.525
28,114,229,342,4.71,74.71,15.87,0.627
643,30,1198,1227,1.21,74.37,61.55,0.723
3432,18,4548,4571,0.96,74.33,77.56,0.336
2244,41,2506,2571,2.71,73.91,27.29,0.392
1270,65,1644,1708,2.67,71.78,26.92,0.533
570,15,1108,1122,0.58,71.4,122.4,0.914
1247,66,1643,1708,2.71,70.98,26.21,0.619
1779,31,2154,2196,1.75,67.89,38.79,0.433
2800,11,3511,3529,0.75,65.72,87.63,0.696
3079,18,4020,4037,0.71,63.97,90.31,0.725
645,30,1198,1227,1.21,62.86,52.02,0.7
1830,12,2278,2307,1.21,62.66,51.86,0.336
3071,40,3979,4018,1.62,60.52,37.25,0.762
105,57,525,581,2.33,60.43,25.9,0.719
25,114,229,342,4.71,59.22,12.58,0.676
708,14,1261,1274,0.54,58.88,108.71,0.782
2785,45,3480,3529,2.04,58.33,28.57,0.402
329,12,785,796,0.46,57.79,126.08,0.472
3091,18,4020,4037,0.71,57.64,81.38,0.718
2543,11,3217,3227,0.42,56.62,135.88,0.645
2658,40,3301,3340,1.62,56.51,34.78,0.521
2215,23,2462,2491,1.21,56.13,46.45,0.359
3510,30,4672,4702,1.25,55.77,44.62,0.503
3077,16,3997,4017,0.83,55.18,66.22,0.38
3306,21,4313,4372,2.46,55.17,22.44,0.389
32,58,265,342,3.21,54.44,16.97,0.54
3435,18,4550,4567,0.71,53.38,75.36,0.638
3273,34,4276,4309,1.38,51.54,37.48,0.623
483,36,966,1001,1.46,51.33,35.2,0.683
3228,16,4218,4233,0.62,51.32,82.11,0.399
2791,36,3493,3528,1.46,51.25,35.14,0.643
3231,19,4222,4240,0.75,50.2,66.93,0.419
3438,21,4552,4572,0.83,49.63,59.55,0.689
3236,12,4227,4240,0.54,48.9,90.28,0.418
2249,17,2550,2575,1.04,48.65,46.7,0.355
42,44,344,395,2.12,48.28,22.72,0.688
2796,25,3505,3529,1.0,47.25,47.25,0.721
23,114,229,342,4.71,46.73,9.92,0.678
29,114,229,342,4.71,46.65,9.91,0.595
3395,15,4451,4522,2.96,45.96,15.53,0.335
3343,17,4376,4397,0.88,43.87,50.14,0.532
3232,11,4225,4239,0.58,43.8,75.08,0.465
1273,10,1644,1660,0.67,43.48,65.22,0.412
496,15,983,1001,0.75,42.88,57.18,0.352
3207,30,4211,4240,1.21,41.46,34.31,0.607
3340,14,4371,4384,0.54,40.17,74.17,0.579
26,114,229,342,4.71,39.44,8.38,0.61
2234,26,2495,2520,1.04,38.71,37.16,0.448
575,13,1108,1122,0.58,36.98,63.4,0.504
574,15,1108,1122,0.58,35.94,61.61,0.751
648,30,1198,1227,1.21,34.08,28.2,0.691
572,15,1108,1122,0.58,33.44,57.33,0.831
649,29,1199,1227,1.17,32.16,27.57,0.588
1758,11,2090,2100,0.42,30.85,74.04,0.603
573,11,1108,1118,0.42,30.83,73.98,0.722
38,49,344,392,2.0,29.9,14.95,0.698
659,14,1214,1227,0.54,29.02,53.57,0.664
49,13,354,378,1.0,28.56,28.56,0.331
1297,17,1682,1708,1.08,27.23,25.14,0.347
2797,11,3507,3517,0.42,27.09,65.01,0.482
642,26,1195,1227,1.33,26.7,20.03,0.539
2414,33,2924,2956,1.33,26.69,20.02,0.836
2230,11,2490,2500,0.42,25.94,62.25,0.455
2698,15,3352,3366,0.58,25.7,44.06,0.721
40,21,344,364,0.83,23.7,28.44,0.514
3140,19,4144,4164,0.83,22.67,27.2,0.392
3514,21,4682,4702,0.83,21.32,25.58,0.626
665,20,1229,1248,0.79,21.23,26.82,0.746
1850,11,2323,2333,0.42,20.89,50.14,0.731
676,13,1233,1245,0.5,18.5,37.0,0.365
644,23,1198,1220,0.92,18.24,19.9,0.628
655,27,1201,1227,1.08,18.17,16.77,0.754
22,114,229,342,4.71,17.91,3.8,0.773
497,17,985,1001,0.67,17.87,26.81,0.624
2719,11,3419,3433,0.58,15.98,27.4,0.34
24,114,229,342,4.71,15.9,3.38,0.648
1852,11,2323,2333,0.42,15.63,37.51,0.357
27,114,229,342,4.71,15.59,3.31,0.628
20,114,229,342,4.71,15.01,3.19,0.783
668,17,1229,1245,0.67,14.52,21.77,0.449
669,13,1229,1241,0.5,12.79,25.57,0.384
3347,21,4379,4399,0.83,10.32,12.39,0.479
2793,10,3496,3505,0.38,9.25,24.66,0.455
660,14,1214,1227,0.54,8.29,15.31,0.528
3509,15,4668,4698,1.25,7.6,6.08,0.337
2513,14,3127,3140,0.54,6.23,11.51,0.492
1853,11,2323,2333,0.42,1.93,4.64,0.407
