frame,video_time,scoreboard_present
0,0.0,0
6,0.25,0
12,0.5,0
18,0.75,0
24,1.0,0
30,1.25,0
36,1.5,0
42,1.75,0
48,2.0,0
54,2.25,0
60,2.5,0
66,2.75,0
72,3.0,0
78,3.25,0
84,3.5,0
90,3.75,0
96,4.0,0
102,4.25,0
108,4.5,1
114,4.75,1
120,5.0,1
126,5.25,1
132,5.5,0
138,5.75,0
144,6.0,0
150,6.25,0
156,6.5,0
162,6.75,0
168,7.0,0
174,7.25,0
180,7.5,0
186,7.75,0
192,8.0,0
198,8.25,0
204,8.5,0
210,8.75,0
216,9.0,0
222,9.25,0
228,9.5,1
234,9.75,1
240,10.0,1
246,10.25,1
252,10.5,1
258,10.75,1
264,11.0,1
270,11.25,1
276,11.5,1
282,11.75,1
288,12.0,1
294,12.25,1
300,12.5,1
306,12.75,1
312,13.0,1
318,13.25,1
324,13.5,1
330,13.75,1
336,14.0,1
342,14.25,1
348,14.5,1
354,14.75,1
360,15.0,1
366,15.25,1
372,15.5,1
378,15.75,1
384,16.0,1
390,16.25,1
396,16.5,1
402,16.75,1
408,17.0,1
414,17.25,1
420,17.5,1
426,17.75,1
432,18.0,1
438,18.25,1
444,18.5,1
450,18.75,1
456,19.0,1
462,19.25,1
468,19.5,1
474,19.75,1
480,20.0,1
486,20.25,1
492,20.5,1
498,20.75,1
504,21.0,1
510,21.25,1
516,21.5,1
522,21.75,1
528,22.0,1
534,22.25,1
540,22.5,1
546,22.75,1
552,23.0,1
558,23.25,1
564,23.5,1
570,23.75,1
576,24.0,1
582,24.25,1
588,24.5,1
594,24.75,1
600,25.0,1
606,25.25,1
612,25.5,1
618,25.75,1
624,26.0,1
630,26.25,1
636,26.5,1
642,26.75,1
648,27.0,1
654,27.25,1
660,27.5,1
666,27.75,1
672,28.0,1
678,28.25,1
684,28.5,1
690,28.75,1
696,29.0,1
702,29.25,1
708,29.5,1
714,29.75,1
720,30.0,1
726,30.25,1
732,30.5,1
738,30.75,1
744,31.0,1
750,31.25,1
756,31.5,1
762,31.75,1
768,32.0,1
774,32.25,1
780,32.5,1
786,32.75,1
792,33.0,1
798,33.25,1
804,33.5,1
810,33.75,1
816,34.0,1
822,34.25,1
828,34.5,1
834,34.75,1
840,35.0,1
846,35.25,1
852,35.5,1
858,35.75,1
864,36.0,1
870,36.25,1
876,36.5,1
882,36.75,1
888,37.0,1
894,37.25,1
900,37.5,1
906,37.75,1
912,38.0,1
918,38.25,1
924,38.5,1
930,38.75,1
936,39.0,1
942,39.25,1
948,39.5,1
954,39.75,1
960,40.0,1
966,40.25,1
972,40.5,1
978,40.75,1
984,41.0,1
990,41.25,1
996,41.5,1
1002,41.75,1
1008,42.0,1
1014,42.25,1
1020,42.5,1
1026,42.75,1
1032,43.0,1
1038,43.25,1
1044,43.5,1
1050,43.75,1
1056,44.0,1
1062,44.25,1
1068,44.5,1
1074,44.75,1
1080,45.0,1
1086,45.25,1
1092,45.5,1
1098,45.75,1
1104,46.0,1
1110,46.25,1
1116,46.5,1
1122,46.75,1
1128,47.0,0
1134,47.25,0
1140,47.5,0
1146,47.75,0
1152,48.0,0
1158,48.25,0
1164,48.5,0
1170,48.75,1
1176,49.0,1
1182,49.25,1
1188,49.5,1
1194,49.75,1
1200,50.0,1
1206,50.25,1
1212,50.5,1
1218,50.75,1
1224,51.0,1
1230,51.25,1
1236,51.5,1
1242,51.75,1
1248,52.0,1
1254,52.25,1
1260,52.5,1
1266,52.75,1
1272,53.0,1
1278,53.25,1
1284,53.5,1
1290,53.75,1
1296,54.0,1
1302,54.25,1
1308,54.5,1
1314,54.75,1
1320,55.0,1
1326,55.25,1
1332,55.5,1
1338,55.75,1
1344,56.0,1
1350,56.25,1
1356,56.5,1
1362,56.75,1
1368,57.0,1
1374,57.25,1
1380,57.5,1
1386,57.75,1
1392,58.0,1
1398,58.25,1
1404,58.5,1
1410,58.75,1
1416,59.0,1
1422,59.25,1
1428,59.5,1
1434,59.75,1
1440,60.0,1
1446,60.25,1
1452,60.5,1
1458,60.75,1
1464,61.0,1
1470,61.25,1
1476,61.5,1
1482,61.75,1
1488,62.0,1
1494,62.25,1
1500,62.5,1
1506,62.75,1
1512,63.0,1
1518,63.25,1
1524,63.5,1
1530,63.75,1
1536,64.0,1
1542,64.25,1
1548,64.5,1
1554,64.75,1
1560,65.0,1
1566,65.25,1
1572,65.5,1
1578,65.75,1
1584,66.0,1
1590,66.25,1
1596,66.5,1
1602,66.75,1
1608,67.0,1
1614,67.25,1
1620,67.5,1
1626,67.75,1
1632,68.0,1
1638,68.25,1
1644,68.5,1
1650,68.75,1
1656,69.0,1
1662,69.25,1
1668,69.5,1
1674,69.75,1
1680,70.0,1
1686,70.25,1
1692,70.5,1
1698,70.75,1
1704,71.0,1
1710,71.25,1
1716,71.5,1
1722,71.75,1
1728,72.0,1
1734,72.25,1
1740,72.5,1
1746,72.75,1
1752,73.0,1
1758,73.25,1
1764,73.5,1
1770,73.75,1
1776,74.0,1
1782,74.25,1
1788,74.5,1
1794,74.75,1
1800,75.0,1
1806,75.25,0
1812,75.5,0
1818,75.75,0
1824,76.0,1
1830,76.25,0
1836,76.5,1
1842,76.75,1
1848,77.0,0
1854,77.25,0
1860,77.5,0
1866,77.75,0
1872,78.0,0
1878,78.25,1
1884,78.5,1
1890,78.75,1
1896,79.0,1
1902,79.25,1
1908,79.5,1
1914,79.75,1
1920,80.0,1
1926,80.25,1
1932,80.5,0
1938,80.75,0
1944,81.0,1
1950,81.25,1
1956,81.5,1
1962,81.75,1
1968,82.0,1
1974,82.25,1
1980,82.5,1
1986,82.75,1
1992,83.0,1
1998,83.25,1
2004,83.5,1
2010,83.75,1
2016,84.0,1
2022,84.25,1
2028,84.5,1
2034,84.75,1
2040,85.0,1
2046,85.25,1
2052,85.5,1
2058,85.75,1
2064,86.0,1
2070,86.25,1
2076,86.5,1
2082,86.75,1
2088,87.0,1
2094,87.25,1
2100,87.5,1
2106,87.75,1
2112,88.0,1
2118,88.25,1
2124,88.5,1
2130,88.75,1
2136,89.0,1
2142,89.25,1
2148,89.5,1
2154,89.75,1
2160,90.0,1
2166,90.25,1
2172,90.5,1
2178,90.75,1
2184,91.0,1
2190,91.25,1
2196,91.5,1
2202,91.75,1
2208,92.0,1
2214,92.25,1
2220,92.5,1
2226,92.75,1
2232,93.0,1
2238,93.25,1
2244,93.5,1
2250,93.75,1
2256,94.0,1
2262,94.25,1
2268,94.5,1
2274,94.75,1
2280,95.0,1
2286,95.25,1
2292,95.5,1
2298,95.75,1
2304,96.0,1
2310,96.25,1
2316,96.5,1
2322,96.75,1
2328,97.0,1
2334,97.25,1
2340,97.5,1
2346,97.75,1
2352,98.0,1
2358,98.25,1
2364,98.5,1
2370,98.75,1
2376,99.0,1
2382,99.25,1
2388,99.5,1
2394,99.75,1
2400,100.0,1
2406,100.25,1
2412,100.5,1
2418,100.75,1
2424,101.0,1
2430,101.25,1
2436,101.5,1
2442,101.75,1
2448,102.0,1
2454,102.25,1
2460,102.5,1
2466,102.75,1
2472,103.0,1
2478,103.25,1
2484,103.5,1
2490,103.75,1
2496,104.0,1
2502,104.25,1
2508,104.5,1
2514,104.75,1
2520,105.0,1
2526,105.25,1
2532,105.5,1
2538,105.75,1
2544,106.0,1
2550,106.25,1
2556,106.5,1
2562,106.75,1
2568,107.0,1
2574,107.25,1
2580,107.5,1
2586,107.75,1
2592,108.0,1
2598,108.25,1
2604,108.5,1
2610,108.75,1
2616,109.0,1
2622,109.25,1
2628,109.5,1
2634,109.75,1
2640,110.0,1
2646,110.25,1
2652,110.5,1
2658,110.75,1
2664,111.0,1
2670,111.25,1
2676,111.5,1
2682,111.75,1
2688,112.0,1
2694,112.25,1
2700,112.5,1
2706,112.75,1
2712,113.0,1
2718,113.25,1
2724,113.5,1
2730,113.75,1
2736,114.0,1
2742,114.25,1
2748,114.5,1
2754,114.75,1
2760,115.0,1
2766,115.25,1
2772,115.5,1
2778,115.75,1
2784,116.0,1
2790,116.25,1
2796,116.5,1
2802,116.75,1
2808,117.0,1
2814,117.25,1
2820,117.5,1
2826,117.75,1
2832,118.0,1
2838,118.25,1
2844,118.5,1
2850,118.75,1
2856,119.0,1
2862,119.25,1
2868,119.5,1
2874,119.75,1
2880,120.0,1
2886,120.25,1
2892,120.5,1
2898,120.75,1
2904,121.0,1
2910,121.25,1
2916,121.5,1
2922,121.75,1
2928,122.0,1
2934,122.25,1
2940,122.5,1
2946,122.75,1
2952,123.0,1
2958,123.25,1
2964,123.5,1
2970,123.75,1
2976,124.0,1
2982,124.25,1
2988,124.5,1
2994,124.75,1
3000,125.0,1
3006,125.25,1
3012,125.5,1
3018,125.75,1
3024,126.0,1
3030,126.25,1
3036,126.5,1
3042,126.75,1
3048,127.0,1
3054,127.25,1
3060,127.5,1
3066,127.75,1
3072,128.0,1
3078,128.25,1
3084,128.5,1
3090,128.75,1
3096,129.0,1
3102,129.25,1
3108,129.5,1
3114,129.75,1
3120,130.0,1
3126,130.25,1
3132,130.5,1
3138,130.75,1
3144,131.0,1
3150,131.25,1
3156,131.5,1
3162,131.75,1
3168,132.0,1
3174,132.25,1
3180,132.5,1
3186,132.75,0
3192,133.0,0
3198,133.25,0
3204,133.5,0
3210,133.75,0
3216,134.0,1
3222,134.25,1
3228,134.5,1
3234,134.75,1
3240,135.0,1
3246,135.25,1
3252,135.5,1
3258,135.75,1
3264,136.0,1
3270,136.25,1
3276,136.5,1
3282,136.75,1
3288,137.0,1
3294,137.25,1
3300,137.5,1
3306,137.75,1
3312,138.0,1
3318,138.25,1
3324,138.5,1
3330,138.75,1
3336,139.0,1
3342,139.25,1
3348,139.5,1
3354,139.75,1
3360,140.0,1
3366,140.25,1
3372,140.5,1
3378,140.75,1
3384,141.0,1
3390,141.25,1
3396,141.5,1
3402,141.75,1
3408,142.0,1
3414,142.25,1
3420,142.5,1
3426,142.75,1
3432,143.0,1
3438,143.25,1
3444,143.5,1
3450,143.75,1
3456,144.0,1
3462,144.25,1
3468,144.5,1
3474,144.75,1
3480,145.0,1
3486,145.25,1
3492,145.5,1
3498,145.75,1
3504,146.0,1
3510,146.25,1
3516,146.5,1
3522,146.75,1
3528,147.0,1
3534,147.25,1
3540,147.5,1
3546,147.75,1
3552,148.0,1
3558,148.25,1
3564,148.5,1
3570,148.75,1
3576,149.0,1
3582,149.25,1
3588,149.5,1
3594,149.75,1
3600,150.0,1
3606,150.25,1
3612,150.5,1
3618,150.75,1
3624,151.0,1
3630,151.25,1
3636,151.5,1
3642,151.75,1
3648,152.0,1
3654,152.25,1
3660,152.5,1
3666,152.75,1
3672,153.0,1
3678,153.25,1
3684,153.5,1
3690,153.75,1
3696,154.0,1
3702,154.25,1
3708,154.5,1
3714,154.75,1
3720,155.0,1
3726,155.25,1
3732,155.5,1
3738,155.75,1
3744,156.0,1
3750,156.25,1
3756,156.5,1
3762,156.75,1
3768,157.0,1
3774,157.25,1
3780,157.5,1
3786,157.75,1
3792,158.0,1
3798,158.25,1
3804,158.5,1
3810,158.75,1
3816,159.0,1
3822,159.25,1
3828,159.5,1
3834,159.75,1
3840,160.0,1
3846,160.25,1
3852,160.5,1
3858,160.75,1
3864,161.0,1
3870,161.25,1
3876,161.5,1
3882,161.75,1
3888,162.0,1
3894,162.25,1
3900,162.5,0
3906,162.75,0
3912,163.0,0
3918,163.25,0
3924,163.5,0
3930,163.75,1
3936,164.0,0
3942,164.25,0
3948,164.5,1
3954,164.75,1
3960,165.0,1
3966,165.25,1
3972,165.5,1
3978,165.75,1
3984,166.0,1
3990,166.25,1
3996,166.5,1
4002,166.75,1
4008,167.0,1
4014,167.25,1
4020,167.5,1
4026,167.75,1
4032,168.0,1
4038,168.25,1
4044,168.5,1
4050,168.75,1
4056,169.0,1
4062,169.25,1
4068,169.5,1
4074,169.75,1
4080,170.0,1
4086,170.25,1
4092,170.5,1
4098,170.75,1
4104,171.0,1
4110,171.25,1
4116,171.5,1
4122,171.75,1
4128,172.0,1
4134,172.25,1
4140,172.5,1
4146,172.75,1
4152,173.0,1
4158,173.25,1
4164,173.5,1
4170,173.75,1
4176,174.0,1
4182,174.25,1
4188,174.5,1
4194,174.75,1
4200,175.0,1
4206,175.25,1
4212,175.5,1
4218,175.75,1
4224,176.0,1
4230,176.25,1
4236,176.5,1
4242,176.75,1
4248,177.0,1
4254,177.25,1
4260,177.5,1
4266,177.75,1
4272,178.0,1
4278,178.25,1
4284,178.5,1
4290,178.75,1
4296,179.0,1
4302,179.25,1
4308,179.5,1
4314,179.75,1
4320,180.0,1
4326,180.25,1
4332,180.5,1
4338,180.75,1
4344,181.0,1
4350,181.25,1
4356,181.5,1
4362,181.75,1
4368,182.0,1
4374,182.25,1
4380,182.5,1
4386,182.75,1
4392,183.0,1
4398,183.25,1
4404,183.5,1
4410,183.75,1
4416,184.0,1
4422,184.25,1
4428,184.5,1
4434,184.75,1
4440,185.0,1
4446,185.25,1
4452,185.5,1
4458,185.75,1
4464,186.0,1
4470,186.25,1
4476,186.5,1
4482,186.75,1
4488,187.0,1
4494,187.25,1
4500,187.5,1
4506,187.75,1
4512,188.0,1
4518,188.25,1
4524,188.5,1
4530,188.75,1
4536,189.0,1
4542,189.25,1
4548,189.5,1
4554,189.75,1
4560,190.0,1
4566,190.25,1
4572,190.5,1
4578,190.75,1
4584,191.0,1
4590,191.25,1
4596,191.5,1
4602,191.75,1
4608,192.0,1
4614,192.25,1
4620,192.5,1
4626,192.75,1
4632,193.0,1
4638,193.25,1
4644,193.5,1
4650,193.75,1
4656,194.0,1
4662,194.25,1
4668,194.5,1
4674,194.75,1
4680,195.0,1
4686,195.25,1
4692,195.5,1
4698,195.75,1
4704,196.0,1
4710,196.25,1
4716,196.5,1
4722,196.75,1
4728,197.0,1
4734,197.25,1
4740,197.5,1
4746,197.75,1
4752,198.0,1
4758,198.25,1
4764,198.5,1
4770,198.75,1
4776,199.0,1
4782,199.25,1
4788,199.5,1
4794,199.75,1
4800,200.0,1
4806,200.25,1
4812,200.5,1
4818,200.75,1
4824,201.0,1
4830,201.25,1
4836,201.5,1
4842,201.75,1
4848,202.0,1
4854,202.25,1
4860,202.5,1
4866,202.75,0
4872,203.0,0
4878,203.25,0
4884,203.5,0
4890,203.75,0
4896,204.0,0
4902,204.25,0
4908,204.5,0
4914,204.75,0
4920,205.0,0
4926,205.25,0
4932,205.5,0
4938,205.75,0
4944,206.0,0
4950,206.25,0
4956,206.5,0
4962,206.75,0
4968,207.0,0
4974,207.25,1
4980,207.5,1
4986,207.75,1
4992,208.0,0
4998,208.25,0
5004,208.5,0
5010,208.75,0
