segment,frame,video_time,match_time,raw_ocr
1,108,4.5,,
1,114,4.75,,
1,120,5.0,,
1,126,5.25,,
2,228,9.5,,"\ . a 7 “
* 8° wa: a wet ‘2 Me ‘wt ‘ 4 “4 by was
+ lat “s aoe. an o . lel
‘aa . t ee ne eee . So ¢ ~ kh
7 wae earety ene 2 vw.
“"" ar ro. on few, yao ws. ag : r
Rae ay p- — 3 '
rn er .
“hes oir
ee 3
. a
\"
2,234,9.75,,"iad teed « . . 7 . . ""ae ra de
Tt 7 se. - rd tos Se” au 1 WWite et a to ee 4 . : <a
ot, “Mex gs oe eto Pe we pe fw RS i
Ry orf

ee 4
- a ae"
2,240,10.0,,"S =, _- @ ‘=_--
. . sh . “ -
ey Te me ee Jee sade were
vat yt . ~* . aa ~ :
oe. . ~ av Ly a. ry ps wre? -, Hoy ' owe ; ' 5 ma se n'ae’
ot nn 7 ee Ga ww sive? ow Baye ‘ ae a,
we ~hae~ c ~—
es.
ae tie ‘
Nit tg
heey CO"
2,246,10.25,,"we. . , id a Aw ps were? wy rg "" ‘effi a Px . r ‘ “.
a Ee ge ae ke... ee
ao, ea"
2,252,10.5,,"i hd a sie a ce , Cs >i rhb
cl. ie. ee 22, si uti _ < Bayes \at- oe b= a eeene
mo : - , . ~ Peta
oe ,F .
wT”"
2,258,10.75,,"Cee FOE

o 0 ee! “yc ~ ite
7, One e- Mee = a on - - ae
ri whee’ << Te — 8 hoy tto walt

x oll hog r ) i Senn OR” . 4

3 , , 7 Tee .

i —~ iM ae? B+ seers ial

-= = ~ aaa
—"
2,264,11.0,,"a~ “se _ . . . ny ofan -- ne
~~ 7 id -"
2,270,11.25,,"nied ay 3 ry Brite ne Te a oe, “3 “- , foses”
' “ ' ave oeeses _ .
eg Se aret aa ERRE
oe ‘ * a* ~a- ns are ei. * ' ; = m4 r
~~” ar
—_-
40"
2,276,11.5,,"ew yj wort am te PONS. aie . ee en
e~ Wo Oa n ‘e ue a ek. ’ ="" —v—_ A
ye OT ee ™ oe
A. wt wer 7s re wa... >
ser

ame,"
2,282,11.75,,"Te Seal
ae: - y
La we : ay:
- ad a
Mae ” ~_~ = —_ =
A Lae : “<. al ‘ }
— we yi ‘e . p —| =
oe Lie . te ; Kes
re ~ ~~
. Ze ;
. a i"
2,288,12.0,,"ae “me. - wer he ed “ wee ee
""45 &! ~~, = th _* ax) oo —,”.
. iN

an A"
2,294,12.25,,"<- = ~~ “Kp Tab . - - . a | lee
oe
@
am.
why"
2,300,12.5,,"- . . ibs ee SON cs a - ne er
: ne . ‘
ee ON"
2,306,12.75,,". ‘ \ ""Saw 8 9 feet :, a ¥
| ‘ , hye’ roe a) “ « 1. -
. . . . . i re alts pias Wy 03 Wg ¥"
2,312,13.0,,". . . “, | here * oe ‘ Are YE. + aie
Ae oe Sah po ne r i eo ey as 4
‘ -~ Eo ets ‘ ay IN oi We OEE ee eae: Re
is > ey
y 4) ee"
2,318,13.25,,". Sher 2 be tse ee F nd = >
a sa) mnt Ss ol =* “5
| - L"
2,324,13.5,,XE. : ~~ = ae . = _- af
2,330,13.75,,"Ne ~ 5“
» a"
2,336,14.0,,"Sere bat, “(eI ie” ee Ae.
“ys od
apes Vin Yo"
2,342,14.25,,". ie _ . -
len Y hethad"
2,348,14.5,,. x. ee /
2,354,14.75,,"a . ° . .
: ="
2,360,15.0,,
2,366,15.25,,"‘ , ~ \. 5
\ or ie FE cS
"" en * 4"
2,372,15.5,,"4 . * » .
a Pee 4"
2,378,15.75,,
2,384,16.0,,
2,390,16.25,,"~—"" 2. ke
‘ ‘. y
, 7 ‘sy"
2,396,16.5,,"ee
wa  ——"
2,402,16.75,0:01,- . RBS O- O Ei - 00:01 - - x.
2,408,17.0,0:01,"NSFLL =.= ~— '
~ RBS. 0 0 * 00:01! » ee os
+ fa *, ™ =~ -"
2,414,17.25,0:01,"~s
- RBS 0-0 ° 00:01 ” >
- Py - = e"
2,420,17.5,0:02,"ey RBS pa 00:02 | =
~ ‘"
2,426,17.75,0:02,"; is ~. .7 KB wo mn | L
- RBS 0-0 RGM - 00:02 ae"
2,432,18.0,0:02,"NSFL| sa Pe a” - a %. & te
» RBS 0 : 0 * 00:02 » ae =
a ~—- ¢ : a = ae ~~ i"
2,438,18.25,0:02,"NSFLlie @ 8S .' B. @ay FY.
SFL ve RBS 0:0 * 00:02 * , re os Bp’ ”
1 ha a a t. } ate , - ( ne"
2,444,18.5,0:03,"{OR = «RBS 0°: 0 2 00:03 ; may 4.”
a . a . : ee ! 8 . , , 7 _—t—__.."
2,450,18.75,0:03,"joer"" 'S... RBS 0:0 2 00:03 ay a”
— . - oe 3 - oot . . , , ."
2,456,19.0,0:03,"orlim. RBS 0! 0 2 00:03 | WEE 'G.  *
> o “ie ‘ > oe EE: ‘ ( ae ;
oe a * oe any a Pie to ."
2,462,19.25,0:03,"m*.. RBS 0:0 s 00:03 ‘ower Bp? “s
‘ >."
2,468,19.5,0:04,"(eh »~ RBS 0'0 2 00:04 Wig sae G. ° «:
* fe ee Beat ' a
; "" %."
2,474,19.75,0:04,"NSFLI¢ * See ee Fe te: “hs
{pt ~» RBS 0:0 2 00:04 ESET Ss"
2,480,20.0,0:04,"= ~ RBS 0! 0 2 00:04 VaR EMER F
, [ amy “gaa i ."
2,486,20.25,0:04,"a, te pes 0! ‘i 00:04 Mdina 8
. fs ay “gas - a"
2,492,20.5,,"ay, »~ RBS 0:0 s im

1 Pes “eas _ ; |
\ = a"" ; a 7 a alte x 4——__ _ :
as 2 — i a tall m ss ry"
2,498,20.75,0:05,"(er s.. RBS 0! ms 2 00:05 ¥ ; ana’ A. ae
, : oY eo. £ in ss
i , ; ae . {| --+——— ."
2,504,21.0,0:05,"(er *. RBS 0:0 2 00:05 ¥ = ane >. |
, . . wo 4 ae 2 t a be : :
ee, a +o. . oe rele 40° a"
2,510,21.25,0:05,"{™ ©. 6©RBS 6«(OO: 0 » 00:05 “Whe; Stew Sn”.
ne ae riuy in ,
a — * oe pn an ee Pei ee . - ‘,"
2,516,21.5,0:06,jer ©. RBS 0'0 » 00:06 * = Be
2,522,21.75,0:06,"peers} ©. RBS 0! 0 2 00:06 “HP, SPURNS
a a ie 78 th :"
2,528,22.0,0:06,"SPL) RBS 0! 0 2 00:06 TOP ‘MOURN F.-  ~.
a i t ee i ."
2,534,22.25,0:06,(er t ~ RBS O° a 2 00:06 SEP (MEER F-  *.
2,540,22.5,0:07,"; ioe RBS 0: a » 00:07 ¥ cary kG - sh
7 ry ie #78 ’ = nc Lat,
‘7, ‘. ; ° 2- t n :

a ee coo. et pute al 7 wD <0 ——___ ; e"
2,546,22.75,0:07,"f . RBS 60! 0 » 00:07 YEP, “SHR @"
2,552,23.0,,"i: 1 0 0 MEG = oc07 SPT NNT g-
' = a saa e . it :
“e oy $. of ae o- woe 7 oiNe z.4° --_—_- — sy ue"
2,558,23.25,0:07,"[Mertt= pes 60:0 BEG: 00:07 iP, ES FN
i ""  % e I ly oo -
4.6: — 3 of ae Pane . ie tN z. {4° .-s_——_- _ ‘oe \"
2,564,23.5,0:08,"wis » RBS 0:0 = 00:08 * ILS \. re
nr} . if oe iy : . ."
2,570,23.75,,"‘i f 4 se ‘ e 4 . -
® . ra oe oe ne a 7 * es <1"". — . ."
2,576,24.0,0:08,"wy) , -~ RBS 0:0 2 00:08 ""RF. ine |S Ca
‘ ar oe | th , :
. x s- * a7 ae _ _ ° ss a] —_——— 7 oo aa ."
2,582,24.25,1:32,"eo © 01:32
SFeymice 2 0 tgs"
2,588,24.5,,Rye ce 5 et:
2,594,24.75,,"s . : ° v nN t 7 . 7 ° 7 |
-~ RBS 0-0 2 0132 ~- :"
2,600,25.0,1:33,_ = RBS 0:0 » 01:33 3 |
2,606,25.25,1:33,"es, ~ RBS 0:0 2 01:33 a hl |"
2,612,25.5,1:33,"| ' RBS 60:0 PSEC | 2 01:33 an | a
, y mS , Ai > _ os : . ,
. a. \X . a Se. _"
2,618,25.75,1:33,"a - RBS 0: o ial - 01:33 a {i} Le
\ My hs \. . ay) . : ."
2,624,26.0,1:34,".: ooo Y a et . 7
oe, ~ RBS 0-0 SEC | 2 01:34 a i} te
\ we dy \. . oy} . , ."
2,630,26.25,,"en a oS te mw »
cy wee ds * . or) Le, ,"
2,636,26.5,,"= - RBS 0-0 e onsa Wrees. eS
. _ . : ""ys 1 x . mu { ; . . ."
2,642,26.75,1:34,"- : oo oN +. * bt ne eS ll
- RBS 0-0 * 01:34 yg
x, 7 “NOU wrote —_
. oe oay ' ‘ tet
an a bs yay ow - — . | f v."
2,648,27.0,,. RBS 0-0 BE: ons 2 YT ee” —.
2,654,27.25,,= - RBS o-O RR - oss -
2,660,27.5,7:35,(= - RBS O- O RR - 07:35
2,666,27.75,1:35,"- » »
~ RBS 0:0 GERM: 01:35 Ts
——— SS + EE sm 4 aun wen - -& -_~ ; a --
a a @"
2,672,28.0,,"me res. 0: 0 SSG - oe | y
. i | 7 fd . —— ."
2,678,28.25,1:36,"— ae — 4
we, ~ RBS 0:0 K+ 01:36 |"
2,684,28.5,1:36,- ~ RBS 0-0 Qi + 01:36
2,690,28.75,1:36,= ~ RBS O: O REG - 01:36
2,696,29.0,,fs f
2,702,29.25,,|| : Ce
2,708,29.5,1:37,"ia | ae * ;
~ RBS 0! i = 01:37 £
{ a"
2,714,29.75,1:37,"we . RBS 0:0 QEa@l= 01:37 ""
."
2,720,30.0,1:38,"~ RBS 0:0 RE - 01:38 .
a—— EE eee"
2,726,30.25,1:38,= ~ RBS 0: O RE - 01:38 :
2,732,30.5,1:38,"~ RBS 0:0 RE - 01:38 ;
SO"
2,738,30.75,1:38,"a ee 1” | . 7
NSFL) ~ RBS 0:0 ia = 01:38 |
t a -"
2,744,31.0,1:39,"WSF Ce CB
+. RBS, 0'0 ue - 01:39 |.
- at- 3 a ¢ ' 3 4%"
2,750,31.25,,"‘ F e: “
L ‘\ ~n
—— |"
2,756,31.5,,a to RBS ° 4 - ° se an 7 : - i
2,762,31.75,,"[Ror RBS 0: 0 a et
eee + -¢ i Ecc i; at . 2 lah 7 ok"
2,768,32.0,15:36,"-*. RBS 0:0 » 15:36 < . ko ‘9
ar . aA ~ =m op"
2,774,32.25,,Mm. RBS 0:0 ° 1536 A 2 SO
2,780,32.5,15:37,"» ]e or: s ind t
woe FO RT: BB eS
we ~ RBS 0:0 sree e 15:37 3° te “LL

. -_ a 3 ee Me Le in a ™! -"
2,786,32.75,,
2,792,33.0,,"sen i. ae en <a Ce - |
wt ye y - . . ae"
2,798,33.25,15:37,"} as / : . 7 “aa 4
lw RBSes = 15:37 Se"
2,804,33.5,15:37,"Wa ~ RBS 0:0 S- 15:37
A"
2,810,33.75,,"££ om —_
— : .
4 -"
2,816,34.0,,
2,822,34.25,,"y= — |
@&"
2,828,34.5,15:39,"~ RBS, Of 0 Ki - 15:39 = os *-
j - _7 ( -'(¢°3"
2,834,34.75,15:39,"wy ~ BBS. OO Kia + 15:39: lo Uf a
V Vv. 4: es"
2,840,35.0,,"a _v. a -, ‘a:
ani ."
2,846,35.25,15:30,"Sa aie

~ wbbae dF im: 15:30 — a _—
Seen ea, Sa.

as cele."
2,852,35.5,,"= anna OD src FEEL [een 7
praca uny, Sa
angie (oR."
2,858,35.75,,"‘we S pige OF EERE 15 po
be é, 7m"
2,864,36.0,,
2,870,36.25,15:40,"NS '
~ RBS 0:0 2 15:40"
2,876,36.5,15:40,", a
= ~ RBS 0:0 EEG 15:40 ="
2,882,36.75,15:43,we - RBS O- O RRM: 15:43
2,888,37.0,,= . RBS oO-O QR - 15:4
2,894,37.25,,= - RBS 0:0 i - 15:4
2,900,37.5,,"cote NE PE
~ RBS, 010 21ST Be ay ate g ey.
TORE es EE ERS A"
2,906,37.75,18:42,"we OO Me Pe . r ’, se wwe Bn? et’ : ay Py be . augs. (6 aoe
» RBS, 0; 0 2 18:42 Ben A eng” Boy:
re palette eo ue Wee"
2,912,38.0,15:42,"SS Po RLS a |
~ RBS, 010 2 15:42 Be peat Re"
2,918,38.25,,"ey CASS Ye . vie a, “f
CS «c Broo vce

NS ves RBS... Ji - wpe 7 be A te nal ‘ By Lay a ;
_— oe S ."
2,924,38.5,,"ee area PE <5, ne ;"
2,930,38.75,,"- ag Rs Sipse | ey Me the de®, MYT. » re |
NSFL SS 22 NO Raha RNa ima of"
2,936,39.0,,"~ ras i ta ar te , we ."
2,942,39.25,,"INSP NO a RN PS ef
« RBS. 0; 0 2 15:4: = Ne meg, Bey:"
2,948,39.5,,"~ RBS, 0 ¥ 0 2 1548 Re RS ing” Bey!
ne eee oN ay ee ¥ PN vee H
_—— _ we ¥ ~ 3. ; . . va os ; - ee r"
2,954,39.75,15:44,"~ RBS, OF 0 15:44 RR ety
We, veer ss ro an ae a"" con, rae - Rian)
. . take ny * ae” a wh par a a . “fy ven g
.? | Naat “Yat ” x , . , a !
~~ -_ o> Or at * i EN ro"
2,960,40.0,,"~ RBS, O70 oan doe 25 ek oy"
2,966,40.25,15:44,» RBS Of 0 2 15:44 eR eS
2,972,40.5,15:44,"~ rr, ane a. sae - ft © Se € _ o# - Sbewte. a 7. elt _
SFL —RBS,, OF 0 2 15:44 eR ty
Ts i saree et Soe x x: a8, ar"
2,978,40.75,15:45,"Roe tre, Deer LO dos TS ee et, Bae Ghee 0 eG me of
INSFLS = oS ae Drie ates Oe ae ss
~ RBS OF 0 2 15:45 NR wee vo tet"
2,984,41.0,15:45,"7 es RBS. 070 2 15:45 eae ee Pty 4
oe: * ae. oy v: 3 oe"
2,990,41.25,15:45,"P tee en Ded. A’ og wD A CL a ~ ™“.
RBS, 07 0 2 15:45 Rt NR ge ee
an sot. ae y fags?"
2,996,41.5,15:45,"Tey Ae bite (WR se wes ee Me ce MN
SNSFlig > CS be bE, PE Me Ng
i RBS, 0:0 2 15:45 aa Re een. Pear ae

. aan 2 LON, ULE > etd ia ” re ~ 7 a"
2,1002,41.75,,"” ST — — ———————— —
nr ~ RBS 0:0 Bg@m > 15.46 - ———
2
r cn an"
2,1008,42.0,15:46,"i a ——
mr ~ RBS 0:0 Pg@m = 15:46 | j —"
2,1014,42.25,,"oe, - Res 0! 0 fem
=: we 8 Tl"
2,1020,42.5,15:46,"wy, ~ RBS 0:0 E> 15:46 ."
2,1026,42.75,,"- -
& . P| + ££ 4 , _"
2,1032,43.0,15:47,loom RBS 0:0 2 15:47
2,1038,43.25,15:47,"= ~ RBS O- 1 QR - 15:47
Qe"
2,1044,43.5,15:47,v' - RBS O- 7 KE - 15:47
2,1050,43.75,15:48,"mr »~ RBS 0:1 Pa > 15:48
7 ae d"
2,1056,44.0,,"rar ee sc ERT jp
,. > «iF"
2,1062,44.25,,"a
~ RBS 0:1 Mie
SC —_~- Nr"
2,1068,44.5,,” ~ _
2,1074,44.75,,"a
» RBS. 0: 1 SFC BEDS :"
2,1080,45.0,15:49,"ba a
le ~ RBS O- 1 “ 2 15:49 7”"
2,1086,45.25,,"=
~ RBS O- 1 SFC
| mE |"
2,1092,45.5,15:49,"— |
- RBS 0-1 » 15:49
i ci ff ft"
2,1098,45.75,,n A a
2,1104,46.0,15:50,¥ - RBS O-1 SE - 15:50 P
2,1110,46.25,15:50,"» RBS 0-1 Sec 2 15:50 —_ a ~
4 , 1 — _ ~~ ~~"
2,1116,46.5,,"’ 7 a ii : _ _
, -A- Opes"
2,1122,46.75,,"~ RBS 0:1 a - 551 ——— =
. Ta i -—. ~~ : — San, ~
; -) fee"
3,1170,48.75,,AY WN
3,1176,49.0,,AY WN
3,1182,49.25,,AY WN
3,1188,49.5,,AY WN
3,1194,49.75,,
3,1200,50.0,,"b .
_ oe Y ; 0 ide} , l Se"
3,1206,50.25,,"7 and . . a Ss . 1% x Lava oe
oe .. RBS O°: 1 » 1615 _.. ¢ FF \"
3,1212,50.5,16:16,"oe - RBS O°: 1 » 16:16 _.. _. * Yn \—
A ~- ."
3,1218,50.75,16:16,"sw OP, ‘ay 7
="" "". RBS 0O' 1 » 16:16 _.0 ¢ _. FY ~
hid “>:
_ he ; 0 ery . i 7”"
3,1224,51.0,16:16,"= ""RBS 011 2. 16:16 _. pees A ."
3,1230,51.25,,"py ie
a Ep be 1 7"
3,1236,51.5,,"| a ay
Ne, > rn ea ow ice
, ee lf"
3,1242,51.75,,
3,1248,52.0,,"w, re"
3,1254,52.25,,
3,1260,52.5,,". aid WA ZF
; be a “ e \ >"
3,1266,52.75,,my | ; me > a a
3,1272,53.0,,"- 8 -- ae
=) ~ ml om Ea pe | ; |
, ‘8 : f°
| |e ales aA »"
3,1278,53.25,,"all ‘ ee en
~ wppag OFF FRI 16: /
Zoo \ eer"
3,1284,53.5,,"nr] -*. :
ec “ a
£\ EE"
3,1290,53.75,,"- heme OF EEE 10.208 —
‘ i . -e
‘Be .s—_-- a"
3,1296,54.0,,"| .
> a -"
3,1302,54.25,,~ bah ORF Ee 12
3,1308,54.5,16:27,=) = RBS. OF 1 ER: 16:27%
3,1314,54.75,,"| 1
i Bie 071 ial: = 19:274"
3,1320,55.0,,"usr] . 9 1
| mF ET: 2
\io & |"
3,1326,55.25,,
3,1332,55.5,,
3,1338,55.75,,oS
3,1344,56.0,,"een TR ™, ""* N\ ~. aN be . “ eS we
_ a a ~ : eae ‘ >» a a"
3,1350,56.25,,"(gy m= an << Ere “
eee"
3,1356,56.5,,v =
3,1362,56.75,,
3,1368,57.0,,
3,1374,57.25,18:30,". RBS oO: 1 §E- 18:30
. >
>"
3,1380,57.5,18:30,"i o- 1 Ea 18:30 | —
| —S 9
;
an"
3,1386,57.75,,"eet ee =
ih,"
3,1392,58.0,10:30,"7 ee i se eS ES Oe _
ar ~ Res. OF 1 Baa = 10:30"
3,1398,58.25,,
3,1404,58.5,,". Ge a —_
We OT, es | l
, & —“—-"
3,1410,58.75,,"~ “a we Ny | -~ sind mam = / Mo
| i ; » ' an _ _ f"
3,1416,59.0,,Weel . << — Ly
3,1422,59.25,18:32,") ene 2 °: : y's
wy ~ RBS. 071 = 18:32 .— —"" Oi
ee nN EY"
3,1428,59.5,,"pee ot SFC 1832 | ;
Dig ld ieee eel"
3,1434,59.75,18:32,"gig r, be
wn O71 » 18:32 *
; a } ~
7 @V - t
| Fie UE eG, 8 « Se va *"
3,1440,60.0,18:33,"° ® 18:33
y, BES, 0771 | """
3,1446,60.25,,=
3,1452,60.5,,"»~ e,
. a ¢ ee"
3,1458,60.75,,"ert src fof
r, A
_ a 7 2"
3,1464,61.0,24:49,"4
wT
ert ~ RBS, 0: 1 PG@l > 24:49 i nn ~
: 4 ° at
| a"
3,1470,61.25,,"0:1 BRgam = 24.49 |
\_ ae
nn"
3,1476,61.5,24:50,".. RBS, O: 1 BSza e 24:50
af;"
3,1482,61.75,,ee SFC
3,1488,62.0,24:50,"=
rer » RBS 0:1 Bam > 24:50 |"
3,1494,62.25,,"le ~ RBS O°: 1 [ewe 0
—— saa"
3,1500,62.5,24:51,"Gules . aoe _.—-— , oo
- RBS 0-1 GG > 24:51 Se"
3,1506,62.75,,a _ t ‘ me
3,1512,63.0,24:51,"ar — | ‘
SF). - RBS O-1 ""24:51 A -. .
aH | re
 &"
3,1518,63.25,24:51,"“= | ~
. RBS 0-1 - 24:51 ¢
. . ‘ = ‘
an «“« @& ~~ ia"
3,1524,63.5,24:52,"rk

we . RBS O- 1 RRR - 24:52 sf ’
=? ~
| = a"
3,1530,63.75,24:52,". RBS 0-1 © 24:52 -
ss i <a
-§ - |"
3,1536,64.0,,oo
3,1542,64.25,24:52,"NSFL hh:
~ RBS 0-1 ae 2 24:52 |"
3,1548,64.5,24:53,"| s
~ RBS. 0; 1 BEM: 24:53
~Ii-, | | gs» Ta)"
3,1554,64.75,,"- , PR ne o"
3,1560,65.0,,"J “MINS fp pg! | ia :
ee, ~~ oe!
a, .- i."
3,1566,65.25,,= Rice OF MERE 2a5H0 |
3,1572,65.5,24:54,— ~ RBS O° 1 e 24:54
3,1578,65.75,24:54,": 7 a. eee
~ RBS 0:1 » 24:54
—-——~ _- =.
; — 4"
3,1584,66.0,,"a) La a -
. RBS 0-1 FRM: 2454 | yt
/ _ - @"
3,1590,66.25,24:54,"a - RBS 0: 1 GM > 24:54 a.
———— an ,"
3,1596,66.5,24:55,"—_ ~~
- RBS 0-1 e 24:55 — -
= . kK _— — _"
3,1602,66.75,,"| a \ P , - e °, - o .

. - RBS 0:1 » 2455 9% .-

J oJ Sts ° . = ry ° ed -_ :

- mes Gee  . . i. 4 WG «"
3,1608,67.0,24:55,"=) ~ RBS 0:1 e 24:55 ~ ~ 1 tw -
— oe _ se a - =a -"
3,1614,67.25,24:55,"ww = BBS, 0/1 Ei - 24:55 7 F on .
\ “<< —- _ +a - -— A q
Th E—-—- wae. eee. 7 - Y"
3,1620,67.5,,"| COMER ic:
: : : : |

ry hen i . i

 ]"
3,1626,67.75,24:56,"a 7
[Morey RBS 0! 1 ° 24:56
=< a . oe ~2_® eo
)"
3,1632,68.0,,
3,1638,68.25,,"a ia
© RBS 0} 1 ERM 2058. 4
; | ;"
3,1644,68.5,,rr
3,1650,68.75,24:57,"1
~ RBS O- 1 » 24:57 L
Pr * , , a} a"
3,1656,69.0,24:57,"\
~ RBS O- 1 » 24:57 7
~* , zn r"
3,1662,69.25,24:57,"~ RBS O°: 1 e 24:57 .
- ‘- i"
3,1668,69.5,24:58,"» RBS O°: 1 r 24:58 “7
= , ‘-. 4"
3,1674,69.75,24:58,"~ RBS O°: 1 r 24:58 =
= , -. 4"
3,1680,70.0,24:58,"~ RBS 1: 1 » 24:58 -
me * ° a t"
3,1686,70.25,24:58,"~ RBS 1-1 » 24:58 .
_. ° r"
3,1692,70.5,24:59,"©
» RBS 1°17 e 24:59 7
me * ° - | a"
3,1698,70.75,24:59,"« RBS 1°: 1 ep 24:59 7
a * , z) a"
3,1704,71.0,24:59,"~ RBS 1°17 e 24:59 ‘
~"" ‘ zr) a’"
3,1710,71.25,24:59,"~ Res, 1+ 1 [RZ + 24:59 — -"
3,1716,71.5,25:00,"» RBS, 111 2 25:00"
3,1722,71.75,25:00,"~ RBS, 1/1 Ei - 25:00."
3,1728,72.0,25:00,"~ RBS, 1/1 Ki 25:00"
3,1734,72.25,25:00,= - RBS 1:1 KE - 25:00
3,1740,72.5,25:01,= ~ RBS 1:1 EE: 25:01
3,1746,72.75,25:01,= ~ RBS 1:7 KE: 25:01.
3,1752,73.0,25:01,~ RBS 1:1 Ki - 25:01
3,1758,73.25,25:01,~ RBS 1:1 Ki - 25:01
3,1764,73.5,25:01,. RBS 1:1 EE- 25:01
3,1770,73.75,25:02,. RBS 11 BER 25:02
3,1776,74.0,25:02,~ RBS 1:1 Kf: 25:02
3,1782,74.25,25:02,"~ RBS. 1/1 Kf - 25:02
~ . : ‘ -— ."
3,1788,74.5,25:02,~ RBS. 1/1 Kf: 25:02
3,1794,74.75,25:03,"~ RBS, 1! 1 Ei: 25:03.
= ."
3,1800,75.0,25:03,". RBS, 111 EEG: 25:03."
4,1878,78.25,,
4,1884,78.5,,"—~  SF- = ~~“ se
an hin 2 R—-s « ---"
4,1890,78.75,,"” > ef , taal P (ie . wr.
Y ae ~~
—— ia 6 yo - Be. lL."
4,1896,79.0,,"7 . i »* as & am @ se -— > - > ie» at @ *
coe a By
CE ee | D way a . ad a"
4,1902,79.25,,"2 ER eat ate re
sate ae Oe. Sead s§ eS 7
_, _ - mee 1 = ie _"
4,1908,79.5,,"; stu bare S& % “i -_
eye ee | RELY J) < ‘e , ot"
4,1914,79.75,,"’ . oe . . = “a
= + ee. eee 2"
4,1920,80.0,,"ean - | on . Call - .  , ©&=
., Sr ) ee 6 eer eet. - | oe eC"
4,1926,80.25,,"—_ -_— a . 3 4 e@ *
eI . - . aS & me '] v. x, —~e . «
, . - Wy ‘ , ~_— By
. me! i an | a . »
_— | * , ad Wa ‘ ""
< ‘ A > ry ws ; . : |
7 oo ~~ | .2.) V————_——— ned - §"
5,1944,81.0,,"we - RBS 1-1 F-29215
“ |"
5,1950,81.25,29:15,"a y at.
RBS 1:1 e 29:15 *"
5,1956,81.5,29:15,"SF
»~ RBS 1:1 2 29:15
-7- -
zt fe,"
5,1962,81.75,29:15,"= om § - i
~ RBS 1' 1 2 29:15 |"
5,1968,82.0,,"y, . RBS 151 BRM: 2006. NS"
5,1974,82.25,,- -_.. 2 me
5,1980,82.5,29:16,"~. RBS 1:1 2» 29:16
Boa Be )"
5,1986,82.75,,"a, eM
- ~ ras 1:1 (B- 2016
""a - me .. ~ . ‘ ."
5,1992,83.0,,. RBS. 1:1 Ki. 207 | *
5,1998,83.25,,_w7™ _— Pan
5,2004,83.5,,gy Se ‘1 [Bi gs 2917 o
5,2010,83.75,29:17,"~ BBS. 171 Ea: 29:17 ee
° - ~ . vw: “ ~ .
, (nv ce ee eer | | ~ yO: :"
5,2016,84.0,,
5,2022,84.25,29:18,"- . * 7 ie ee oa
rs) - RBS 1-1 e 29:18"
5,2028,84.5,29:18,"te s.
= ~ RBS 1 | Ei- 29:18 oF."
5,2034,84.75,29:18,". of
~ RBS 1-1 e 29:18 PF. ‘s
: : . 4 seat + aa 7 !"
5,2040,85.0,,"owe te .
~ RBS 1:1 © 2919 > | @
(sta: | a ok"
5,2046,85.25,,
5,2052,85.5,,"a! ) q
a | ; aa ee “%"
5,2058,85.75,,rp t—“‘zd@”
5,2064,86.0,,". ad
= - RBS 1-1 SEG ="
5,2070,86.25,29:20,"‘ . RBS 1-1 * 29:20 7
nn nS"
5,2076,86.5,79:20,". ass 7 79:20 §
ww
a"
5,2082,86.75,29:20,"- RBS 1-1 ER: 29:20
a"
5,2088,87.0,,"(gy rman =< |
e& _"
5,2094,87.25,29:21,"wo »~ RBS 1! 1 BRSaamm © 29:21-'
&"
5,2100,87.5,29:21,"—_—— ee SS
are »~ RBS 1: 1 BRSaam = 29:21) j
ry"
5,2106,87.75,,", a EE,
rare CREE << ERED ——"
5,2112,88.0,,"— - een enna oo
(@ Scum «: pe —
@"
5,2118,88.25,,"wa ~ RBS 1! 1 Pie =
e"
5,2124,88.5,,"\y ac src
¢"
5,2130,88.75,,"—— --- ee oe Tare nn a
\_ =a src
@"
5,2136,89.0,29:23,"~ RBS 1! 1 WER@ = 29:23 =
oy"
5,2142,89.25,,"(=) aes’ 1 id 09.23 |
eS eee ee"
5,2148,89.5,,"es ~ ROS 1 | * 2323
- | Spee"
5,2154,89.75,29:23,"~ RBS 1°17 s 29:23?
1 as \ |
Titi 8 86©|| 6a"
5,2160,90.0,29:24,+ RBS 1 4 a 29:24 !
5,2166,90.25,,"|* — 2c 1: ae =, i 2
wi ~ RBS 1! 1 a - hia
i ee |"
5,2172,90.5,,
5,2178,90.75,29:24,= . RBS as 6 29:24 '
5,2184,91.0,29:25,"= RBS 17 e- 29:25 |
_ \
ys 0s |] so ae"
5,2190,91.25,,oe » RBS a ® \ :
5,2196,91.5,,"ow ~ RBS 1 a ® \ ‘
iis |} sue"
5,2202,91.75,29:25,= » RBS 1:1 PSEC | 2 29:25 ~ whos. ‘
5,2208,92.0,29:25,"- . A y oo a -"" ‘ an . J - Y
~ RBS 1:1 e 29:25 . boon
- - : ns 4 re . “é ."
5,2214,92.25,29:26,"RBs 1: 1 2 29:26 / oy
. oe . ; wt meee eens > >. x a n . .
- ' thee _ Po 4 | . ""; ao : ."
5,2220,92.5,,"t. Res 11 MBM 220 YE

A te . f , v ""a
' i ° ] Vat ‘s ‘ ‘a

, / ve __. . » "" . ye ‘ wa

Rg ee - xs — oo ° ? “ ° “é . vs
ea 7 ;"
5,2226,92.75,,mee 4“) eo. e few . . el
5,2232,93.0,,": - RBS 1:1 BBRBHe zz 07
‘cs ‘Ne . be ta 7 pe
_? St semnncmmamenenes, ft ’ nn ea!"
5,2238,93.25,,"—— oe lle | OG - o Me (now
. - . a re er! ' a eri ae nm fo.
! yo oe nee ae
~ RBS 1/1 MBB: zo AS
ak es an Ot TS
, tbs : ""oi . alee oy es ."
5,2244,93.5,,"of ee. * 7 F*
. 1°: 1 n srr gine: CT
aE » 2927 0 ty
s+ we pe - . le fe"" oN a | ”
. v . 7 oe Jit"
5,2250,93.75,29:27,"~ RBS 1/1 Ea » 29:27 °° | RO ofp
ah ey fe Ae
‘ ae ~ i “od . alee oy ae ‘"
5,2256,94.0,,of Be . 4 . yee ane
5,2262,94.25,29:28,"wy, ~ RBS 2'1 » 29:28 . ee oS '¥ |
a ee a a ae i a nn"
5,2268,94.5,29:28,"f wr
RBS 2) ee 2 29:28
| ail"
5,2274,94.75,29:28,oe ~ RBS 2-1 pa: 29:28 ie
5,2280,95.0,,—<
5,2286,95.25,29:29,"- ~ RBS 2-1 Em - 29:29 rf
aa . 4 ,_) '"
5,2292,95.5,29:29,"gr’

~ RBS 2° 1 x 29:29 FE

_* . : 3 t
4"
5,2298,95.75,29:29,"¥
. } ~ RBS 2-1 » 29:29 L"
5,2304,96.0,29:29,~ RBS 2-1 2 29:29 E
5,2310,96.25,,
5,2316,96.5,,
5,2322,96.75,,"-~ RBS. 271 Gaul 29307. 8 Kee ¢s
4, : a oo C5 * *. ae x é £ ~ >. . .*
OS eae ee es ee"
5,2328,97.0,,"=, RBS. 271 2 29308. 3 Kg cs

A - . al cree, er -. o8é x &, ; a : os ,'
. ‘ . oO. 2A ~? wl i an meh ~ { ~ ‘ aru . = +>/
: < RS -_ ee ey Leer th ote . ‘x A ‘ -"
5,2334,97.25,30:47,= ~ RBS 2:1 KE: 30:47 «1
5,2340,97.5,30:47,"——_ -
= » RBSe 271 Gis 30:47 «41 -
2.7 f ;
wiht - —."
5,2346,97.75,30:47,~ RBS 2° 1 QE 30:47 «| a .
5,2352,98.0,30:47,~ RBS 2:1 Qf. 30:47 4 5
5,2358,98.25,,"oe ~ RBS 27 » 30uR
pre"" > ."
5,2364,98.5,30:48,we ~ RBS 2:1 KE - 30:48 «1 EE
5,2370,98.75,,= Res 21 Be
5,2376,99.0,,"= 4
a
RS 251 Re 3008 3"
5,2382,99.25,,y aoa oe
5,2388,99.5,30:49,"(geen jouer ‘ws \ \
‘ ~ RBS 7 © 30:49 +1,"
5,2394,99.75,,"Aw) ™ i \ 4
- RBS 2-1 FRR 3049 9"
5,2400,100.0,30:49,"i ’ @ .
: = RBS 2-1 RE - 30:49 «1"
5,2406,100.25,,(a 2°71 Ei 3050 «4
5,2412,100.5,30:50,= ~ BBS» 2° 1 E+ 30:50 «1
5,2418,100.75,30:50,"= ~BBSs 271 EE 30:50 «1 !
wer gt
my J \"
5,2424,101.0,,"we, . RBS 2-1 QR: 3050 «1 é =
_"
5,2430,101.25,30:51,"usr] @ Leen!
SFL) Res 02:1 2 30:51 +1 \,"
5,2436,101.5,,=| ow
5,2442,101.75,,~ RBS 211 Qi. 3051 «1
5,2448,102.0,30:51,"~ BBG 2°71 7 » 30:51 +1
P| a aap"
5,2454,102.25,30:52,"= ow nee 2"") SFC @ 30:52 +1 >
{ ee"
5,2460,102.5,,"—— a ae
- Eip- _"
5,2466,102.75,30:52,rar » RBS 2! 1 Perc 30:52. +1 ? “4 ° -
5,2472,103.0,,= zi esc 3052 1 “**° 8 4
5,2478,103.25,,"a Oe A er
ww a iF ,277 B= 3053 41 ° -
So tee a — Or"
5,2484,103.5,30:53,"-— oor. ~ AM A. 9 7 Www
~ RBSe 27% 1 2 30:53 +1
do tiset _ etw > See | ees"
5,2490,103.75,30:53,"le : RBSa 2: ea - 30:53 +1 -_ + ee
4 2c . a *: }}. ="
5,2496,104.0,,"w= ~ RBS, 2 - Mgah = 3053 1 A"
5,2502,104.25,,"NSFLI,.- * * 7 an.c, “s a ae | -
Ras, 271 Lsec 3054 1 | -
. € aan ‘ .. t vee 1"
5,2508,104.5,,"SFL ee
SFL Res. 2°71 MEM: 3osa 2 —"
5,2514,104.75,30:54,iw ~ ABS. 2 i ocr B 30:54 1 ried ie
5,2520,105.0,30:54,m .. RBS. 2: 1 2 30:54 41 : nt i
5,2526,105.25,,"eR oh . : ita _—
4 . lie. a"
5,2532,105.5,30:55,: ax: RBS. 2:1 2 30:55 +] . a
5,2538,105.75,30:55,"NSFL PS | ""Wy, % @euo: \ | LC . : A
=~ RBS. 2 +4 2 30:55 +1 oes ae"
5,2544,106.0,,"ew fo | i 1 nn ice .w
; Fs Saas m ne i ee"
5,2550,106.25,,"NSFL ; = : % j ew ie, “ ih"
5,2556,106.5,,"yok D er _. : il ce a tI ee A
wt in 271 Ms sos oe

at : w yr an. 4 _ to ‘ TP. og i ‘ .
NGS: SNES STS oer aml a
ner wo aren. »Yy - 4 vt ae : oe"
5,2562,106.75,30:56,"7 SFL i RBS, 271 a: 30:56 +1 inti ae"
5,2568,107.0,,"NSFLL 2?"" | es \ tt “d
a * * 4 a ree i) “” os"
5,2574,107.25,,"ce! == _. | _
. “ye x wn 4 £ ee | . 7 . ‘ agn :
: moe ‘ & Paya = — : the aan j _"
5,2580,107.5,,(ST ges ERB 2057 ow 2
5,2586,107.75,30:57,"po RBS 2:1 e 30:57 +1 ?.-
- Ad a a . . rae
weed 8: | - ™"
5,2592,108.0,30:57,wy . RBS 2-1 e 30:57 41
5,2598,108.25,,"A Tye ae, Po o i rn of Bee 5 - ne fae.
\, 7 . nae. \ ae . * Yering
»- . Po a “OTe wy! : . ahs py a> a
yen e : oy a Ser—5 ’ w 3 a ” “ne -. 3 <4
""gk! Ps eee ah er ‘ . “ee a * o,: LOWE. ™
eh td
a "" : er ae [aaro |"
5,2604,108.5,,"y* 7, = oe 4 ae “est ~s* . tare 3 7 rif > iin

og. -— Nee heey 7 7 der aie a a mee

a Sy.7* Ra eet ~ “ of a,! - ape! ‘ SONS
[aaro |"
5,2610,108.75,,"—T < ae > lv rr oe Me a Aan eas
. . ~ _ - sw o. . ~
Oth Set coer. “% : > OM:
a , we 2 4 yw x . ary
: : . “ug . : Ce ae) ae
yee eS oe en eee oe 7 ” ae ae ao
Ca ” Tekan a “. ba - : a 4 . .
sO y Way wit ug, DA ek -"" Pee yl a
2 bee fo * > a y
. ao . cop
7 Pt on eed we.” [Teatro |"
5,2616,109.0,,"6 vw. ae . -
er o-n < tm oe re OAS ae oe
4 ae 3 aah ral 7 t a . ae v ox . oll -
.e --> @ : . A a2 ¥ ; 7
wo er owe “*, a ~ . “ga ey iss we
* vue « . . ” nt
. am ‘By pow ‘a wn, Da o af ‘an. oy
_ . =~ as TO I 1
_@AaTo."
5,2622,109.25,,"= A\ oat ~ arn ee .. ire ~. Pat >® s Te fe ~ be oe -
ee ee oe Se na gh * 778 LO”
ytd Amal Py ~~. oe. Pa te. woe nhs Me
“NY A> ry or ae °"
5,2628,109.5,,
5,2634,109.75,,
5,2640,110.0,,"ae | |
a > ~"
5,2646,110.25,,
5,2652,110.5,,ra a
5,2658,110.75,,"- | on . ‘oe 7 a - fe i _ . at “jw - ind ot -” - - . * “
.. . tk a SE ee , Apu Pai, Ae =
-. ~ ~ \ ie ft Aan 1h. aa ® hd ~ - ve
~ * * > et ~ my
~ = he “ — “OY
ac a Se -- “et [eato |"
5,2664,111.0,,"~~ ew a see) on “i Paint. 5 Ae eee ieee 7 a ad
va ° “Vom ee aa, ~ et ¢ _~* <=. oe a>
y & . iw “.Bn f “Mos rt 9: i tee a5
ar Se . ~ , ~~ Pe. “CR iy eat
SOR ee ORD ee
Satie O DSR. : a) . An ree “*'
ae. 3) ee s ‘ ~
aad +. . s. =r
+). a- ££ ae . “er 7. [eave |"
5,2670,111.25,,"7 Sw, Om ye et wre . ,
iW SPO OR tC Se
. - ~ - 7 ey 2 & owen,
. : ot [""navo |"
5,2676,111.5,,"ye . é > ~ - ? . a ¥ Pte ey os «
; ew - .; ye ny aa ~e t, ~. ae: EBA - re * ge
1: nil"
5,2682,111.75,,"co SO Te, . fe 7 ~
a - Se: ; ~. 0] aks re |"
5,2688,112.0,,
5,2694,112.25,,{NSFL - RBS 2° 1 sec 3419
5,2700,112.5,,
5,2706,112.75,,","
5,2712,113.0,,al |
5,2718,113.25,,"~~~ \
~~"
5,2724,113.5,,pace Bee
5,2730,113.75,,nr EEE sc EET
5,2736,114.0,34:21,"nr - RBS 2-1 PRG 34:21,"
5,2742,114.25,,"(gy Sac «: Gem
a."
5,2748,114.5,34:22,"mr ~ RBS 2:1 BG = 34:22,"
5,2754,114.75,34:22,"a
oS - RBS 2:1 RE - 34:22"
5,2760,115.0,,Ll > enn ian « Eee 4
5,2766,115.25,,"a. ie! Ge i, |"
5,2772,115.5,,ies ep kas
5,2778,115.75,,* . Ts “ff 6 ; af
5,2784,116.0,,"VA _
°° OgA 4"
5,2790,116.25,34:23,"- RBS 2°14 © 34:23
, ae"
5,2796,116.5,34:24,"mr ~ RBS 2:1 BH 34:24 |
FC — a ——4
nllU”~””© OO"
5,2802,116.75,34:26,"peol
~ RBS 2-1 BRM 34:26 |"
5,2808,117.0,34:24,ol ~ RBS 2: 1 Bg > 34:24
5,2814,117.25,,"we, ees sc EREDTE"
5,2820,117.5,34:25,"we Res, 2! 1 Ba - 34:25"
5,2826,117.75,,
5,2832,118.0,,= ~~ BBS 2°71 Bia = 34:255
5,2838,118.25,,
5,2844,118.5,,©) orn — -
5,2850,118.75,,Vit = -_
5,2856,119.0,34:26,"= ~ BBS, 271 PSzal = 34:26 4 =
}o—_—"
5,2862,119.25,,=
5,2868,119.5,,ee me
5,2874,119.75,,
5,2880,120.0,,
5,2886,120.25,,9 onan -_
5,2892,120.5,34:28,» RBS. 2! 1 BESz@ 2 34:28.
5,2898,120.75,34:28,"= ~ RBS. 2! 1 Ki - 34:28
FE el"
5,2904,121.0,,"— . . -
> BBSe 2) BEGG = 34-288 «
o"
5,2910,121.25,34:28,= . RBS 2:1 ERRM- 34:28 \ os
5,2916,121.5,,~ BBSe 7F1 = 34:298
5,2922,121.75,34:29,"= - RBS 2:1 Ga: 34:29
t qf 7 f"
5,2928,122.0,,Oa te WO en!
5,2934,122.25,,
5,2940,122.5,,
5,2946,122.75,,0 ne SO
5,2952,123.0,,= a Owen!
5,2958,123.25,,S ; TE +
5,2964,123.5,,S ; TE +
5,2970,123.75,,"eC os

RBS rs ual: 3431 dy
mt fo

"" i ‘As 5. ee"
5,2976,124.0,34:31,"» RBS 354 ore 2 34:31
: ‘: ‘ay ot
a = a"
5,2982,124.25,34:31,". me 7” -. 2
~ RBS 3:1 2 34:31 ™.
| oy ied 7 3"
5,2988,124.5,34:37,"a . ye .
» RBS 3:1 QB: 34:37 =
on)"
5,2994,124.75,34:32,"Ge a
~ RBS 3:1 Ri: 34:32
re xr . - . -"
5,3000,125.0,34:32,eS ~ RBS 3: | ea- 34:32
5,3006,125.25,34:32,"Vs
fa ee
= ~ RBS 3-1 EZ 34:32 ve"
5,3012,125.5,,oe - RBS 3-1 MBM 3432 9°. wee te
5,3018,125.75,34:33,"ar "" =y . < _ -
~ RBS 3-1 2 34:33. : ,
. . =) —™ , ey ="
5,3024,126.0,34:33,"wie RBS 3-1 BERG 34:33 =.
~ > @s
° —_—
1"
5,3030,126.25,34:33,rer): - RBS 3-1 EEG 34:33 (
5,3036,126.5,,"-4 @ - > “ -
= ~ RBS, 371 nw 38 |
oa rk -"
5,3042,126.75,,"r
ws, ~ RBS, 371 2 3434"" - eg,
7 ~ a >"
5,3048,127.0,,"""el BE a -
, oF  - =e"
5,3054,127.25,,"=  - a” = —

> “—~ > :

~ —— —

= = —_—

_ —~sem - . _ :
~ - a — -"
5,3060,127.5,,"“a £- — Ss -¢. EF -
- > 3 _ ~"
5,3066,127.75,,"~ ~~ = ~~ =
3 = = =?"
5,3072,128.0,,"— =. - r =
i ee ae Ss"
5,3078,128.25,,
5,3084,128.5,,"° —_ ad
po] 7
~~ . ="
5,3090,128.75,,"Tee
po ~~"
5,3096,129.0,,"— .
F _ —~——
s"
5,3102,129.25,,"| ; - .
po ™"
5,3108,129.5,,—= «—-
5,3114,129.75,,
5,3120,130.0,,
5,3126,130.25,,
5,3132,130.5,,"br ae se aaa ne . >
woe Sells ag. tae if. ~ : ace .
. + “s"
5,3138,130.75,,"a mt Nw Be ee Mm ae 7 >
. had ww: o VRLUr ye OL TIS te ee. wee a :
- : ee <7"
5,3144,131.0,,". . roe - “ay
_ - Zr"
5,3150,131.25,,"- cnt
’"
5,3156,131.5,,sg
5,3162,131.75,,
5,3168,132.0,,
5,3174,132.25,,
5,3180,132.5,,7 té‘ié*dR
6,3216,134.0,,"| oa 371 2 71374 D-
of <<"" * se Se 2 - __ men’ ary"
6,3222,134.25,37:37,"iw RBS 3° 1 * 37:37
rr a % . « ' .° > - w"
6,3228,134.5,37:38,". a . >. oa - ° ¢
~ RBS 3°17 acre » 37:38 a
x . e ef ‘ i ~ 4
ee Fhe _S
. me oa, , aS LF ‘> \"
6,3234,134.75,37:38,"—  , AON
= ~ RBS 3:1 ro 2 37:38 ‘ .
. 2? 23 7H fe og

ed ~ of a a: ‘"
6,3240,135.0,,"- es ~s -: 3 *,~ ™ , A Li} i eal
Se ee eT CS
- . - §. : — : \ ip oa
wo ORL Ne ep ~. 7 . * a sh -  — | ¥ a"
6,3246,135.25,37:38,"° °. ~PrR NY way ,
¥. RBS 3:1 » 37:38 y ee ot ae"
6,3252,135.5,,= ~ RBS 3° 1 SC ai. ee ane
6,3258,135.75,,= ~ RBS 3‘ 1 IRM = 3739 A eS
6,3264,136.0,,"~ RBS 3:1 a 3739 NT
| , ek a a aa a "" \ meg
7 : y ~ G, ‘ ."
6,3270,136.25,37:39,= _» RBS 3:1 ‘ea - 37:39 57
6,3276,136.5,37:40,= tw _ RBS 3-1 2 37:40 : —
6,3282,136.75,37:40,yr RBS 3+ 1 e 37:40 —-n
6,3288,137.0,37:40,: ~ RBS 3:1 e 37:40 —
6,3294,137.25,37:40,~ RBS 3-1 e 37:40 —
6,3300,137.5,37:40,| RBS 327 e 37:40 — ”
6,3306,137.75,37:41,ow RBS 3°17 e 37:41 — #8
6,3312,138.0,37:41,wir RBS 3:1 e 37:41 — =: ae
6,3318,138.25,,
6,3324,138.5,,"sje RBS 351 | age 45:
a : — oF “ag"
6,3330,138.75,37:42,wi ~ RBS 3:1 e 37:42 —- = ee
6,3336,139.0,37:42,wi ~ RBS 3:1 » 37:42 — ag 55
6,3342,139.25,37:42,"| iH : |
~ RBS 3°1 © 37:42 |"
6,3348,139.5,,"7 i
sr Res 3-1 TM 3742
: 7 oe . - . *.. “—— . . “ * wan it ~~ ="
6,3354,139.75,38:06,"a ae : a rs ‘ ’ “ss : :
NSFL : H > 38:06 , ‘ hay a
~ Res 3/1 BBGM- 3806 5, a ;"
6,3360,140.0,,
6,3366,140.25,38:06,~ Res 3/1 ERG- 38:06 7 tn 7
6,3372,140.5,,x : . oe? . . Ms
6,3378,140.75,,- 2 t aa SS
6,3384,141.0,,"a . Ke - oe
_ as ae Le"
6,3390,141.25,,"., K : * ,"
6,3396,141.5,,". \e pt '
. a2 wee Le"
6,3402,141.75,,~ Res 3:1 i - 3808 4].
6,3408,142.0,,ara ow mo
6,3414,142.25,38:08,": » 38:08 a a.
es 3! 4 Pe. a
wy, "".
’ .
‘ ; ~ oe"
6,3420,142.5,,". a : an : Ne ‘ aN ; * .
~ Res 3/1 MBM 3809 4], 7"
6,3426,142.75,38:09,"7 a q - > Net . ‘ tay * .
~ Res 3:1 Ki - 38:09“ op o"
6,3432,143.0,,"7 on : ore SO me,
~ RBS 3/1 FBGM- 3809 4), oo
oO te? Par ae"
6,3438,143.25,,"- RB 311 KE 3809:
.. 29,2.
@pos an"
6,3444,143.5,,"ey) ~ RBS, 3! 1 Ki - 3e:0-
yr. ~ nee  -"
6,3450,143.75,,"n >

="" - RBS 3-1 KE - 38:0 _
.

Fy 4 . —_ 7"
6,3456,144.0,38:10,oe RBS ale 38:10 5 -
6,3462,144.25,38:10,": _ - . ‘ - ‘edly
wi Res 3-1 QA 38:10 E emer”
- 7 “""4"
6,3468,144.5,,"{een | a ee >

oh ROS 3! a at a

a . es ~€ : s } . j —— .
| nk —"
6,3474,144.75,,
6,3480,145.0,,"7 Soe
\ n~ RBS 3"
6,3486,145.25,,"SF RBS 3) 1 BRO 38 a STAR

i eee tees

_ [7 7—t . . wh 48 s ayer, o
ro “sat tate r"
6,3492,145.5,,", { ' yon Re 2 OA na ' “a Moy 8
_ OU: | - oa hh wa"
6,3498,145.75,,"Or peg Ma See a
TS ' | ae fs . Bee! Yr"
6,3504,146.0,,"L. ae Pe. a a \ ae _
Flic » RBS 3:1 2 3812 HK oe 1 Pee ; i"
6,3510,146.25,,"Fi Res 3) 1 MEM: 3e12 ak R., wb a
\ hd ATT Tee tne PS eee"
6,3516,146.5,38:12,"» RBS 3/1 2 38:12 | HX’ el "" wef
| Fp ee a ESS
pro a Lore"
6,3522,146.75,,"beg RE, 1 ARS 8
| “2 , .- . : - ca . , *"
6,3528,147.0,,ay. My Los : ¥
6,3534,147.25,,"NSFL= Res 3! 1 2 3813 Tae
| rE, 2 re oeceel a Ore"
6,3540,147.5,38:13,"NSFLi. ae . — —— gg ms '*- me - wwe em loreal
wee 371 2 38:13 “feo Fp  * E i"
6,3546,147.75,,~ ee - 3814 Pl BA 7
6,3552,148.0,53:38,"| - >».
- RBS 3:1 RE - 53:38
” >"
6,3558,148.25,53:38,"~ RBS 3:1 e 53:38
“>"
6,3564,148.5,53:38,~ RBS 3:1 e 53:38
6,3570,148.75,53:39,"= - RBS 3: 1 Rd: 53:39
>»"
6,3576,149.0,53:39,"= - RBS 3:1 RE: 53:39 a
>. of °"
6,3582,149.25,53:39,"we «~ RBS 3-1 2 53:39
P 4"
6,3588,149.5,53:39,"er . RBSe sv) pi - 53:39% .
© me Or"
6,3594,149.75,,"pe ho SFC , OS
ly el. ) it! |
ii ae"
6,3600,150.0,,"Py _ oat rrr Recetas enc
hae ep = i"
6,3606,150.25,53:40,"»- ad _ 4 a 2
wa ~ RBS. 331 BES@ © 53:40:
= 3 : a
; — 4p ~ <<. a -"
6,3612,150.5,53:40,"« RBS. 371 2 53:40 |
> ° A
a ee"
6,3618,150.75,,"»
= ~ RBS 3° 1 Kd: 53:4 . ws
a zc »

— —_ -_—- —"
6,3624,151.0,,= ~ RBS 3:1 KE: 53:4
6,3630,151.25,,"NS ' NO
SFL) pas 371 Pec ,
= c % ae a oe . ~"
6,3636,151.5,,""" oy 7 . . _. 7 }
Ng ~ = % w* ad y °"
6,3642,151.75,,"a .
. : .. . . 2 a es ~ at,
a ———— - A\e » - . i 25 is fee. 7. ""yo ."
6,3648,152.0,,"7 ° _ 3 : 8 N03 ’ + -
a a ANG » . - . 4, ad nate ty 78 ‘"
6,3654,152.25,,"= . ww Sos en : ; ,
zs wa , dew he _: ,
a ee ; wh TN. x
a en * \. ~ b | - vs ey “v, : ere ”~ a2, s
_— —EEE ANG od a . os , 7 en — wh, N78 ."
6,3660,152.5,,"_ ws o-
we Enel Pa, oe Sa.
’ e mot an ‘ sk
2 - mot - -~ Y'w SS. Yee we"
6,3666,152.75,,
6,3672,153.0,,"* i
2” Mi ay we fy
-. _ ee ee _ = sve *."
6,3678,153.25,,
6,3684,153.5,,"5 aaa, ME a
ee, 5 RS i . a"
6,3690,153.75,53:40,"we, - RBS 3-1 QM - 53:40 1 |"
6,3696,154.0,,"mee, ~~ % *, > ‘ ~-. , i > .
Sh are «"
6,3702,154.25,,"aod :
wey ’ tm §3: . a _% +.
<< : _ ae ~- -
ra eee =x we, _ el” fe. :"
6,3708,154.5,,"7 x Cee ‘a: th | . :

were -. = = epee $e 3 _
Vn vey a ae z —- ae » Ane

; ~ oF SNES. Leen 2 eR ied >. . 2"
6,3714,154.75,,"~~ RBS 3°71 = S3454@ | kg
MA wg NTS RE
- Pate OO sia. See Care ="
6,3720,155.0,,awe .* em oe ty RE Oey. ae etkt. Wah mv beg ete’ SN
6,3726,155.25,,"SPL ec me tg oer CREEL. meine ty Be
A. es : _ a -) .. * wr OY / NS as Me Ss AN"
6,3732,155.5,,"- ;™. arr -~@ 7 ¥ ARs. “Wt
an 37) = S3:05G% er OK hae"
6,3738,155.75,,"* ha = ~"" _ “trae. et -_ ha ne G&S +o 7 ee ae Ow tt
ata THE tage Ra A en TERA. omy Fifer dy

jer ‘ BBSe 371 BEGG 53.4543 it: wan w
\ cf - : . een : ="" § De, _ mm, ras ip, ass. e o hy —
pw . 4 eae . . or ‘e. ie a“. fr? 77. te Lies we >"
6,3744,156.0,,". |. BBS han src Bs 53:464S3, Be pie"
6,3750,156.25,,"b. . nn —. PI 1 Ae . Vg . Ln
a 3 oes BES SAA OE OS 4 1” ere"
6,3756,156.5,,"—— i, | a ad i ie s _ a ~~ een mad a ae _ . SS RA
. = ee a - 7A <a” z - > a” 4 — Loe, awe hs ° i si
. we oe ron e x 7 ee scm ‘ any 2 ~ aS tT. 3 7} :"
6,3762,156.75,,"TMSPL( eee a RA. tthe ty hig
wr a me Tn A ee Bt FR ye Ts. RRR."
6,3768,157.0,,"INSFL| = 37) ee he ae Oe ie
84 sev 2. : x e +e * "". A t

we BB Sai 3 "" 1 + — me ” ny * od “+ . ae, aie aa sy he

NS a a we poe PRS Vane res"
6,3774,157.25,,Megs PS RO ape BRE ECS I Se he RE ot ape:
6,3780,157.5,,"7 Sento . ws ne wy * ° ~ .* wrt = . Lom a
ny oe 371 @ 53:4 a b - .

weit, SL Ve oat BA. F Ghee wae P
SOC irae 3 wy MT ont on"
6,3786,157.75,,"ww a ¥ 2 - 7 ¥ -
ee PE cay, we ~ q- wt »! ae ue - . we,” «72a >
> Bog 3 2 S300 Oe A a Arete
a Ee gr . ew = a! Ng t ee
- bd or. } , ©
ey? aC i “«s et ey (Be ol nk"
6,3792,158.0,,"= ~ RBS 3:1 e S348 FN
~ ve . . ae a ay “ i
. eo ‘ ; . Ed , \."
6,3798,158.25,53:48,"i oar ee re Oe a ee Nee
~ RBS 3:1 Ki - 53:48 nn oe
- . ar

- . iid . ‘ ° e A - . _ ok"
6,3804,158.5,53:48,= . RBS 3:1 ERM 53:48 - oo tye
6,3810,158.75,,"wr “

ar ; ~ 2 ee See . am i e

‘ ae 4 . - > am «6 6 SS EE

eS) = nike 3) BR add
“ ee eel _ i re:"
6,3816,159.0,,“ty r. - .
6,3822,159.25,,"© ‘ain’
»"
6,3828,159.5,,Sa
6,3834,159.75,53:49,OT . RBS 3! 1 EE: 53:49 - '
6,3840,160.0,53:50,er ~ RBS pa = 53:50
6,3846,160.25,,"y, - a"
6,3852,160.5,,"y, _ oo _"
6,3858,160.75,53:50,ie - RBS 4: 1 KR - 53:50 —
6,3864,161.0,,= - RBS 4:1 Q- 5351 ;
6,3870,161.25,,er - RBS 4-1 [> 5351
6,3876,161.5,,"=
*. o oo F a"
6,3882,161.75,,
6,3888,162.0,,
6,3894,162.25,,iia
7,3948,164.5,,
7,3954,164.75,,AY WN
7,3960,165.0,,AY WN
7,3966,165.25,,AY WN
7,3972,165.5,,~~
7,3978,165.75,54:20,"» RBS 4:1 2 54:20 «+R ep:
a. y ° |"
7,3984,166.0,54:21,"1 ee OP Re al
~ RBS 4:1 2 54:21 6. BO pe
f 1 oe = . - ‘ , arn . “4 .
| | yt 7 ay, : n “an 7
iZ a"
7,3990,166.25,54:21,"=) ~ RBS 4:1 2 54:21 .. ay mo Ga
ee"
7,3996,166.5,,~ RBS 4:1 2 Sa:21 Bo gs
7,4002,166.75,,"raw =e, | ut 44 ats 3,
i RBS 45] Ea - S42). A ere"
7,4008,167.0,,orn — pare ee
7,4014,167.25,54:22,"we RBS 47 1 2 54:22 . ee a
[ip 7"
7,4020,167.5,56:42,"Te : . a a i
we * RBS. he Fa 56:42"" amr tee *
: Bie. lad re Kir Wha , ,

| ans ai las _ Ls aa ee"
7,4026,167.75,,"liuen| 8 82 —sidC - ge OD
-. ' i “
‘ae : BART alan tt ="
7,4032,168.0,,"° a an . ar
war: 4"" 4 2 5642' game ee"
7,4038,168.25,56:43,"err ~ RBS 471 BE > 56:43 | _ r

Oss si

\ eo: e wire. ; me ad oe | __, ,
_ be GA ees wo “—. o-oo x"
7,4044,168.5,,"SFL Ras 471 /@- o3 —— > =
al ""4st . . ,"
7,4050,168.75,,"- RBS 4:1 KE- sn i
* . —_— Ea"
7,4056,169.0,,"wh ~ RS 4:1 GR 56-43 be
. - _ 7s +
_ <. _
"" “=a -_- wp {= —"
7,4062,169.25,,"we | = .
= . > > -—="
7,4068,169.5,56:44,"~~ RBS 4:1 » 56:44 Be
T — 5 _-e- + fh Be ="
7,4074,169.75,,"<r ‘ res. 471 sad 4 ;
OS eo *..* = _ . I
aa ff: a"
7,4080,170.0,,"we i a RBS, 4 ie SFC Bee =| i
_a os . oe. we : =}

- et” =- ~ > -. » Re 3

ng ‘ eS ax 7* 7 Bt:"
7,4086,170.25,,"ee — a) 2G 5 $50-s
S . RBs oe 2649S 2 eee
a eT a Sead"
7,4092,170.5,,"wot ron wer 56-45 “SS ee ra es
we Res 4 1 a ~ ae ee ie SOS
~ - ig . ~ — 4 oh rn = ."
7,4098,170.75,,"Sh etc
. » i yam “ PERS
nnn Gs neo aN ioe wat ane"
7,4104,171.0,,"- RBS 4: 1 QR: se45 VN peg Ar
a ON TE RE SEN Mae"
7,4110,171.25,56:46,"~ RES 4 1 R= 56:46 OY eo
oN i ""Bete poe"
7,4116,171.5,56:46,"- . av x - or eo TL ye othr fa er

| oe ” Noe i a a re

» RBS 4: 1 SFC » 56:46 wh Wh = x nS Ce

= ~ 4 Wy ” ee ho a bated ie

“AL ve Y. ne NS . , . ~: “ ta ae Oy may

ae a cn \ pe Ria Ss. &

— a ‘ ia 2? ma wget

: Sou cl st} ottadee 4"
7,4122,171.75,,"mo, mh vs ‘ ~ \ We ee i an OO,
~ RBS 4:1 © 5646 a tees
; : ~ ANS. ifs ae ® Meus “Re
.* te, \ a oye es Sa rare 8
abc fe-: woe ee Pe we - |"
7,4128,172.0,56:46,". ad ee ee . oft pe ye oe INE oP ard, eraiird
ass ag eee AERTS V7 ; on Bye NS
+ ' . wt c gst oe ee Ney 5
coe RBS 4:1 2 56:46 CT ee Ae
“~ oid LS ow AS oe a whi TAA q
: ™~ ; non Mh ae a bubba Cann a"
7,4134,172.25,,SD RBS 4! I an BT ee Wet
7,4140,172.5,,
7,4146,172.75,56:47,Te RBS 4: © 56:47 ay ae ae ee
7,4152,173.0,,"“~ ' ra> Sy . .° Re eA ' a 4
‘ = i wa) : oY, oo oy. <b, haa Nee"
7,4158,173.25,56:48,"ée - yf yer MA

= at So RMP oe a eM ate SE
. a . ; . oa , os i "" rN. os bed ‘. ae"" é

“a age 4:4 | SFC ® 56:48 pee ge = Ne we"
7,4164,173.5,,"i =~” Tne § ~*~ any 2 pak:
. f he a toes OM te,
RBS 4! 1 BG saa Oe ee"
7,4170,173.75,56:48,"v = po
rar ~ RBS 4:1 Qi - 56:48"
7,4176,174.0,56:48,"~ RBS 4:1 Qi - 56:48 — -
: = . I="
7,4182,174.25,,
7,4188,174.5,56:49,= se a ms 56:49 !
7,4194,174.75,,= ~ RBS 4:1 QE: se:49
7,4200,175.0,56:49,"= - Ras 4:1 IE: _ 56:49
am"
7,4206,175.25,,"~ BB 4°71 » 56:508
d, a ° ‘ . ’"
7,4212,175.5,,"f
= Bia S57 EGS = sesol"
7,4218,175.75,,"3
= Bia S57 EGS = sesol"
7,4224,176.0,,"f
~ wiiia 57 FRG sesofl"
7,4230,176.25,,"f
= Bia 57 Fi sesrl
\"
7,4236,176.5,,"4
\"
7,4242,176.75,,~ RBS. 5 $1 SONG ee ee
7,4248,177.0,,ee ge et agg 338)
7,4254,177.25,,
7,4260,177.5,,"wt RBS... 5s? 1 aad + ses erg <tr
"" ! 7 sb Bet ee oe EL ae :"
7,4266,177.75,,"ge Te a op => T =
> SS a Oe a oe
ote. |e - ames “3 ,"
7,4272,178.0,,ey ree Ea: See
7,4278,178.25,,. | - ; rm +. —_\L
7,4284,178.5,,"= . | . | tg wel Cte,"
7,4290,178.75,,
7,4296,179.0,,"oa Ee
- , Sy. ...
. LY ‘ WN iF .
a | ‘ . RN , \"
7,4302,179.25,,2 ' ; . *% ‘ . \
7,4308,179.5,,"= ‘ we , a fr , .
ae | ! . a ; ca"
7,4314,179.75,,"= Et ee
“ , RW - 2 *"
7,4320,180.0,,
7,4326,180.25,,a » 58408 x
7,4332,180.5,,” = 58:498 w
7,4338,180.75,,: sat 0 RE se - i
7,4344,181.0,,—_ = 585d aS
7,4350,181.25,,
7,4356,181.5,,",. Set. ie ar"
7,4362,181.75,,Base oT * am :
7,4368,182.0,,
7,4374,182.25,58:51,wa ~ RBS. 5'1 Ea - 58:51 a ———
7,4380,182.5,,‘er — RBS. 5/1 al 5B:51 ° y SN
7,4386,182.75,58:51,"wa ~ RBS, 5 +4 sr 2 58:51 * i aS"
7,4392,183.0,58:52,"a eee on) ee
""eae. 58:52 : 4 ,
o"
7,4398,183.25,,"~ . ve CC ace . SS
~ RBS, 5!'1 . 5852°
: A tits"
7,4404,183.5,,"aie? BAN yO
wie 7 i —
x"
7,4410,183.75,,"aaa > 5] EY CE
‘er ta nos. 5) a 5852"""
7,4416,184.0,,ey . RBS 5-1 KE@- sas3 -- ———
7,4422,184.25,,". RBS 5-1 RR 5853 —  ——,"
7,4428,184.5,58:53,"QE . ) P- bal LJ — a- a
- RBS 5° 1 r 58:53
gz. _ a . . ~ ’ >"
7,4434,184.75,58:53,"ReG_ ss ee BT ees “See

=» RBS 5:1 s 58:53 - Tt |

oe =- = . |

= Pa et tS ---— — -@ __
ene 7° Of, seahk=-  #"
7,4440,185.0,,
7,4446,185.25,,", . - — aa - | |
iL_domAad = VT.) . wae leadk CC, {_."
7,4452,185.5,58:54,"Sh 1 soso )
rer ~ RBS 5° 1 = 58:54 q i , i."
7,4458,185.75,,~ RBS 5:1 Bae: soso ie ate
7,4464,186.0,58:55,"~ RBS S/1 = 58:55 al
N oy «. : ar
a ia ‘ ww ; > er 4"
7,4470,186.25,,[NSFL et gt 7 ee ear -- ) queen
7,4476,186.5,,"[NSFL tess! TI ea sess at ee
4 ie er leh | ee"
7,4482,186.75,58:55,"lw es!) RM cess Goce eee
~ Ss! fa 58:55 ed <_<
ety re i ] Se ES eS"
7,4488,187.0,,"fuer i — axa HO eté.3
see RBS 5 : 1 S 2 .  — 7 * .

t | ’ <“m« » —————— lt ~ a B he , a

MOT | leek | LLL ee"
7,4494,187.25,56:56,"wv ~ RBS. 551 §Re: 56:56 Shee gener.
+ TRB, cole be | ee oe"
7,4500,187.5,58:56,»~ RBS. 5 : 1 Saam = 58:56 om - ' ras
7,4506,187.75,58:56,"| (( ee eee he tlt a Tm ais
‘ert ~ RBS. 5: 1 BGs 58:56 he mn No aie"
7,4512,188.0,,
7,4518,188.25,58:57,", 2s, eee _
‘er ~ RBS. 5S! 1 Bia > 58:57 i ‘ a.”"
7,4524,188.5,,"YS BBSe St) Ege “3 a3
es, | RE ere Hg Se tae oe a"
7,4530,188.75,61:59,"-. oo Qe Mp. SRT
~ RB! Si; 1 Giga * 61:59 +2; ain ore ‘as"
7,4536,189.0,61:59,"a §
A a . 3
. ». : ‘ , |
Me a ae ‘
+ % 4 : we, 7 |
N ‘@ 61:59 ' ; :
C —
ar l ae OF tg KT
i ‘ s.
“
ces. “%"
7,4542,189.25,61:59,"wie : ak Sr

ow RE 5S; 1 Meme «61:59 +2 IN aa
dd WR ee Og
"" ’ e otla -¢. Kk Ya Y, “eRe Ns Lan ‘oO . a “4 .v ad oh"
7,4548,189.5,62:00,"A? Ny a7
Pes . ° ‘ % . . «a
""aw BE 57 1 Mga 62:00 +2 IN See
: ~ , “S 7% . . % : “ BAY No . -. . +2 . as we ot
cee, TARR"
7,4554,189.75,62:00,"Ses . . he a. 48: _
vi JRE S71 Be 2 «62:00 +2 JIN “Aya"
7,4560,190.0,62:00,"""5 BBSe S? 1 MEG@M = 62:00 +2 70) gen‘ ry
Se Bee OO, “¥ ne"
7,4566,190.25,62:00,"wy) ‘ 571 = 62:00 +2 \ aye ol
RRR ee"
7,4572,190.5,,"eS as a3,. : . - -* ° ze)"
7,4578,190.75,62:01,"‘Whe =
-.4 ‘ew a 7
. +2 4 F
s 62:01 2
. SFC fz Lowy
NSF Res 5‘ 1 Sel S a8
/ ,% \.. . . eas ; i |"
7,4584,191.0,62:01,~ RBS 5°17 2 62:01 +2
7,4590,191.25,62:01,"ind ie -
- RBS 5S: 1 Ri - 62:01 +2"
7,4596,191.5,62:02,"= ~ RBS 5:1 QRGM- 62:02 -2 -
»
?
. « x - ~~ ff;"
7,4602,191.75,62:02,= RBS 534 » 62:02 +2 mS
7,4608,192.0,,"= . RBS 5:1 RM- 6202 -2 = .
tani Sl:"
7,4614,192.25,62:02,= ~ RBS 5:1 RE - 62:02 -2
7,4620,192.5,62:03,"~ RBS 5-1 ® 62:03. +2
2 i . ‘"
7,4626,192.75,62:03,"NS ™- 7 - : "" N ~ :
e RBS 5/1 2 62:03 +2 \ Pra
Wie og ae a Px
. ry » . . _ -«
© Za Gr eR GE ee"
7,4632,193.0,62:03,"TA VE Fe
WE RES, 511 Ei 62:03 +2 f .. ae
| eed, = = a ee ‘"
7,4638,193.25,,"iC r nO _ a4 %
2 Se Ee . sy Og"
7,4644,193.5,,—————————_—_———— eee : xy. OY
7,4650,193.75,,"NSFL ote op rr te” b tw
ww RBS, 5 1 MSGi: 6206 2 | Bi % vi
a ee ee, eee, ee eee er *"
7,4656,194.0,62:04,"*; “4 Me mo > P 62:04 24D . (y Lat
ic RBS, 571 git Me tn
A CE SR"
7,4662,194.25,,"4? .
rer = RBS. 571 MMMM: 6204 -2 | 3 oe a
a is RR a wamiiementee"
7,4668,194.5,,"NSFLI Oe ‘ a a b lw
>"" - _ ee” is ‘"
7,4674,194.75,,. fi’ r yoke - _ _ ala 8 a a
7,4680,195.0,,"NSFL| “AN a ; , Nese
er _» RBS. 571 GM 6205 +2 y i ¥s 4 io"
7,4686,195.25,,»~ RBS. 571 BBM 6205 2 y j af : a
7,4692,195.5,62:06,"~ RBS, 571 2 62:06 +2 il % - |
oy ; co ; _ _are'4 - |"
7,4698,195.75,,"ry 4 Ve 1h wT
we ” ‘ fe dl ad
~ RBS. 5} 1 FRG - 6206 «2 x a t"
7,4704,196.0,,‘ Ts
7,4710,196.25,62:06,"—o« RBS 531 2 62:06 +2.
. , ‘ |
a r “2"
7,4716,196.5,62:06,"uF |
~~ RBS. 571 2 62:06 +2
™s"
7,4722,196.75,62:07,"HFG - Bagg Sr /
Ww, 1 EGG 62:07 2
j -"
7,4728,197.0,62:07,"a 7
ke | sec fg 62:07 +2"
7,4734,197.25,62:07,ve 57 1 Bil = 62:07 «2
7,4740,197.5,62:07,» RBS. 571 Qi - 62:07 2
7,4746,197.75,62:07,"» RBS. 571 Ei - 62:07 2
-"
7,4752,198.0,62:07,"» RBSe 5° 1 E+ 62:07 ~2 |
a. ‘"
7,4758,198.25,62:07,"» RBS 5:1 Qi - 62:07 -2
9"
7,4764,198.5,,". RBS S!1 BEEM- 6207 2
5"
7,4770,198.75,62:07,~ RBS S:1 R= 62:07 «2
7,4776,199.0,62:07,~ RBS S:1 R= 62:07 «2
7,4782,199.25,,""" . Mart. ay a a a.
is tS ee ee"
7,4788,199.5,,"es PF me
wy’ . —
> saro |"
7,4794,199.75,,te ———
7,4800,200.0,,"“a - - i“
ae ON ee = = “a
‘ wus .- wy - mw: _ os : :
_— —_——., / mato |"
7,4806,200.25,,"J “ ‘ z s
— yt as a —= oo
1 is

ee , mato |"
7,4812,200.5,,"me 7 ~ gg > OE le . . its - ¥ ~ 4
* \ s W. sum : : _ a BD
wey zs, = = fobta.. — awe —
Waa. Lv ‘—_ a a = i. - . a

i ‘ae am [earo ]"
7,4818,200.75,,"s* “

By * om . 538 . . i - , ; -

io 7 my — xz —— = 3 | :

‘_—_ 4 aa — .
| a a :
; = ~ an, - a4
= . : ae
[aaro ]"
7,4824,201.0,,"os ~ «<A OO ee ok i,
F -.... — ¥ “4 . .
® id * sw — , = ~~ ‘
‘ ‘ “os -_ wa*. — « - smi, - : 2 Ma,
7 yen —- =~, « [aro]"
7,4830,201.25,,". <4 ay xa , a ae — me. - x “ . Yere."
7,4836,201.5,,", .
. Vere ~
- <A Se. - = : Sta
A oe i an sap
4: a * ) el Fi _R"
7,4842,201.75,,"~ \ owt = pata, Te -«
2... ee _) gains aa :
~. .- oe “ * a = — . ws . ee ; /"
7,4848,202.0,,"‘° ° ° se — ~ ""> pitt. = — ye * 2 - Irn, . ;"
7,4854,202.25,,"-_ ; tated _- = ee yee. 1 ""Ze ""27

ee “e “ or a. & — ~ _ ; o> sll Mths : .

” . a - ww pk eal a , a : Jpn, -
¥ = . , aa - - ~"
7,4860,202.5,,"* : we —— all ad = — - , PT - . net."
